"Name","DisplayName","Enabled","Action","Direction","Profile","Program"
"NETDIS-UPnPHost-Out-TCP","Network Discovery (UPnP-Out)","True","Allow","Outbound","Public",
"WFDPRINT-SPOOL-Out-Active","Wi-Fi Direct Spooler Use (Out)","True","Allow","Outbound","Public",
"RemoteAssistance-Out-TCP","Remote Assistance (TCP-Out)","False","Allow","Outbound","Public",
"NETDIS-SSDPSrv-Out-UDP-Active","Network Discovery (SSDP-Out)","True","Allow","Outbound","Private",
"NETDIS-WSDEVNT-Out-TCP-Active","Network Discovery (WSD Events-Out)","True","Allow","Outbound","Private",
"RemoteEventLogSvc-NP-In-TCP-NoScope","Remote Event Log Management (NP-In)","False","Allow","Inbound","Domain",
"RemoteTask-In-TCP-NoScope","Remote Scheduled Tasks Management (RPC)","False","Allow","Inbound","Domain",
"WFDPRINT-SPOOL-In-Active","Wi-Fi Direct Spooler Use (In)","True","Allow","Inbound","Public",
"RemoteAssistance-Out-TCP-Active","Remote Assistance (TCP-Out)","True","Allow","Outbound","Domain, Private",
"MSDTC-Out-TCP","Distributed Transaction Coordinator (TCP-Out)","False","Allow","Outbound","Private, Public",
"RRAS-L2TP-Out-UDP","Routing and Remote Access (L2TP-Out)","False","Allow","Outbound","Any",
"CoreNet-ICMP6-PTB-Out","Core Networking - Packet Too Big (ICMPv6-Out)","True","Allow","Outbound","Any",
"CDPSvc-Out-UDP","Connected Devices Platform (UDP-Out)","True","Allow","Outbound","Domain, Private",
"PNRPMNRS-PNRP-In-UDP","Windows Collaboration Computer Name Registration Service (PNRP-In)","False","Allow","Inbound","Any",
"NETDIS-NB_Name-Out-UDP","Network Discovery (NB-Name-Out)","True","Allow","Outbound","Public",
"NETDIS-NB_Datagram-Out-UDP","Network Discovery (NB-Datagram-Out)","True","Allow","Outbound","Public",
"Collab-P2PHost-WSD-In-UDP","Windows Peer to Peer Collaboration Foundation (WSD-In)","False","Allow","Inbound","Any",
"RemoteEventLogSvc-In-TCP","Remote Event Log Management (RPC)","False","Allow","Inbound","Private, Public",
"CoreNet-IPv6-In","Core Networking - IPv6 (IPv6-In)","True","Allow","Inbound","Any",
"CDPSvc-WFD-Out-TCP","Connected Devices Platform - Wi-Fi Direct Transport (TCP-Out)","True","Allow","Outbound","Public",
"NETDIS-LLMNR-In-UDP","Network Discovery (LLMNR-UDP-In)","False","Allow","Inbound","Domain",
"RemoteEventLogSvc-NP-In-TCP","Remote Event Log Management (NP-In)","False","Allow","Inbound","Private, Public",
"SNMPTRAP-In-UDP","SNMP Trap Service (UDP In)","False","Allow","Inbound","Private, Public",
"MDNS-Out-UDP-Domain-Active","mDNS (UDP-Out)","True","Allow","Outbound","Domain",
"DeliveryOptimization-UDP-In","Delivery Optimization (UDP-In)","True","Allow","Inbound","Any",
"CoreNet-ICMP6-PP-Out","Core Networking - Parameter Problem (ICMPv6-Out)","True","Allow","Outbound","Any",
"CoreNet-ICMP6-RA-In","Core Networking - Router Advertisement (ICMPv6-In)","True","Allow","Inbound","Any",
"CoreNet-ICMP4-DUFRAG-In","Core Networking - Destination Unreachable Fragmentation Needed (ICMPv4-In)","True","Allow","Inbound","Any",
"CoreNet-DHCP-In","Core Networking - Dynamic Host Configuration Protocol (DHCP-In)","True","Allow","Inbound","Any",
"NETDIS-DAS-In-UDP-Active","Network Discovery (WSD-In)","True","Allow","Inbound","Private",
"RRAS-GRE-In","Routing and Remote Access (GRE-In)","False","Allow","Inbound","Any",
"TPMVSCMGR-RPCSS-In-TCP-NoScope","TPM Virtual Smart Card Management (DCOM-In)","False","Allow","Inbound","Domain",
"CoreNet-DHCPV6-In","Core Networking - Dynamic Host Configuration Protocol for IPv6(DHCPV6-In)","True","Allow","Inbound","Any",
"MSDTC-KTMRM-In-TCP","Distributed Transaction Coordinator (RPC)","False","Allow","Inbound","Private, Public",
"NETDIS-SSDPSrv-In-UDP-Teredo","Network Discovery for Teredo (SSDP-In)","True","Allow","Inbound","Public",
"MsiScsi-Out-TCP","iSCSI Service (TCP-Out)","False","Allow","Outbound","Private, Public",
"NETDIS-UPnP-Out-TCP","Network Discovery (UPnPHost-Out)","False","Allow","Outbound","Domain",
"CDPSvc-Out-TCP","Connected Devices Platform (TCP-Out)","True","Allow","Outbound","Domain, Private",
"MSDTC-RPCSS-In-TCP-NoScope","Distributed Transaction Coordinator (RPC-EPMAP)","False","Allow","Inbound","Domain",
"WFDPRINT-SCAN-In-Active","Wi-Fi Direct Scan Service Use (In)","True","Allow","Inbound","Public",
"RemoteAssistance-PnrpSvc-UDP-OUT","Remote Assistance (PNRP-Out)","False","Allow","Outbound","Public",
"NETDIS-FDPHOST-In-UDP-Active","Network Discovery (WSD-In)","True","Allow","Inbound","Private",
"CoreNet-ICMP6-RS-Out","Core Networking - Router Solicitation (ICMPv6-Out)","True","Allow","Outbound","Any",
"RemoteAssistance-SSDPSrv-Out-UDP-Active","Remote Assistance (SSDP UDP-Out)","True","Allow","Outbound","Domain, Private",
"RemoteAssistance-SSDPSrv-Out-TCP-Active","Remote Assistance (SSDP TCP-Out)","True","Allow","Outbound","Domain, Private",
"NETDIS-WSDEVNT-In-TCP-Active","Network Discovery (WSD Events-In)","True","Allow","Inbound","Private",
"CoreNet-ICMP6-NDS-In","Core Networking - Neighbor Discovery Solicitation (ICMPv6-In)","True","Allow","Inbound","Any",
"EventForwarder-RPCSS-In-TCP","Remote Event Monitor (RPC-EPMAP)","False","Allow","Inbound","Any",
"RemoteAssistance-DCOM-In-TCP-NoScope-Active","Remote Assistance (DCOM-In)","True","Allow","Inbound","Domain",
"NETDIS-UPnPHost-Out-TCP-Active","Network Discovery (UPnP-Out)","True","Allow","Outbound","Private",
"NETDIS-WSDEVNTS-In-TCP-Active","Network Discovery (WSD EventsSecure-In)","True","Allow","Inbound","Private",
"RVM-RPCSS-In-TCP","Remote Volume Management (RPC-EPMAP)","False","Allow","Inbound","Private, Public",
"RemoteAssistance-RAServer-In-TCP-NoScope-Active","Remote Assistance (RA Server TCP-In)","True","Allow","Inbound","Domain",
"NETDIS-UPnPHost-In-TCP-Active","Network Discovery (UPnP-In)","True","Allow","Inbound","Private",
"RemoteEventLogSvc-RPCSS-In-TCP-NoScope","Remote Event Log Management (RPC-EPMAP)","False","Allow","Inbound","Domain",
"CoreNet-ICMP6-LR2-Out","Core Networking - Multicast Listener Report v2 (ICMPv6-Out)","True","Allow","Outbound","Any",
"CoreNet-Diag-ICMP6-EchoRequest-Out","Core Networking Diagnostics - ICMP Echo Request (ICMPv6-Out)","False","Allow","Outbound","Private, Public",
"EventForwarder-In-TCP","Remote Event Monitor (RPC)","False","Allow","Inbound","Any",
"NVS-FrameServer-In-UDP-NoScope","Microsoft Media Foundation Network Source IN [UDP 5004-5009]","True","Allow","Inbound","Any",
"Microsoft-Windows-Enrollment-WinRT-TCP-Out","Windows Device Management Enrollment Service (TCP out)","True","Allow","Outbound","Any",
"SNMPTRAP-In-UDP-NoScope","SNMP Trap Service (UDP In)","False","Allow","Inbound","Domain",
"WMI-ASYNC-In-TCP","Windows Management Instrumentation (ASync-In)","False","Allow","Inbound","Private, Public",
"CoreNet-Diag-ICMP4-EchoRequest-Out-NoScope","Core Networking Diagnostics - ICMP Echo Request (ICMPv4-Out)","False","Allow","Outbound","Domain",
"MDNS-Out-UDP-Public-Active","mDNS (UDP-Out)","True","Allow","Outbound","Public",
"WMI-WINMGMT-In-TCP","Windows Management Instrumentation (WMI-In)","False","Allow","Inbound","Private, Public",
"RemoteFwAdmin-RPCSS-In-TCP","Windows Defender Firewall Remote Management (RPC-EPMAP)","False","Allow","Inbound","Private, Public",
"PerfLogsAlerts-PLASrv-In-TCP","Performance Logs and Alerts (TCP-In)","False","Allow","Inbound","Private, Public",
"WINRM-HTTP-In-TCP","Windows Remote Management (HTTP-In)","False","Allow","Inbound","Public",
"DeliveryOptimization-TCP-In","Delivery Optimization (TCP-In)","True","Allow","Inbound","Any",
"MSDTC-Out-TCP-NoScope","Distributed Transaction Coordinator (TCP-Out)","False","Allow","Outbound","Domain",
"NETDIS-NB_Name-In-UDP","Network Discovery (NB-Name-In)","True","Allow","Inbound","Public",
"vm-monitoring-rpc","Virtual Machine Monitoring (RPC)","False","Allow","Inbound","Any",
"CoreNet-ICMP6-LD-Out","Core Networking - Multicast Listener Done (ICMPv6-Out)","True","Allow","Outbound","Any",
"Microsoft-Windows-DeviceManagement-CertificateInstall-TCP-Out","Windows Device Management Certificate Installer (TCP out)","True","Allow","Outbound","Any",
"MsiScsi-In-TCP","iSCSI Service (TCP-In)","False","Allow","Inbound","Private, Public",
"RemoteAssistance-PnrpSvc-UDP-In-EdgeScope","Remote Assistance (PNRP-In)","False","Allow","Inbound","Public",
"RRAS-PPTP-In-TCP","Routing and Remote Access (PPTP-In)","False","Allow","Inbound","Any",
"CoreNet-Teredo-Out","Core Networking - Teredo (UDP-Out)","True","Allow","Outbound","Any",
"RVM-VDS-In-TCP","Remote Volume Management - Virtual Disk Service (RPC)","False","Allow","Inbound","Private, Public",
"TPMVSCMGR-Server-In-TCP-NoScope","TPM Virtual Smart Card Management (TCP-In)","False","Allow","Inbound","Domain",
"WMI-WINMGMT-Out-TCP","Windows Management Instrumentation (WMI-Out)","False","Allow","Outbound","Private, Public",
"NETDIS-NB_Datagram-In-UDP-NoScope","Network Discovery (NB-Datagram-In)","False","Allow","Inbound","Domain",
"vm-monitoring-dcom","Virtual Machine Monitoring (DCOM-In)","False","Allow","Inbound","Any",
"CoreNet-ICMP6-RS-In","Core Networking - Router Solicitation (ICMPv6-In)","True","Allow","Inbound","Any",
"WMI-RPCSS-In-TCP","Windows Management Instrumentation (DCOM-In)","False","Allow","Inbound","Private, Public",
"WirelessDisplay-Infra-In-TCP","Wireless Display Infrastructure Back Channel (TCP-In)","True","Allow","Inbound","Any",
"PNRPMNRS-SSDPSrv-Out-UDP","Windows Collaboration Computer Name Registration Service (SSDP-Out)","False","Allow","Outbound","Any",
"NETDIS-FDRESPUB-WSD-In-UDP-Active","Network Discovery (Pub-WSD-In)","True","Allow","Inbound","Private",
"NETDIS-WSDEVNTS-Out-TCP","Network Discovery (WSD EventsSecure-Out)","True","Allow","Outbound","Public",
"CoreNet-GP-LSASS-Out-TCP","Core Networking - Group Policy (LSASS-Out)","True","Allow","Outbound","Domain",
"Microsoft-Windows-Troubleshooting-HTTP-HTTPS-Out","Recommended Troubleshooting Client (HTTP/HTTPS Out)","True","Allow","Outbound","Any",
"RemoteTask-RPCSS-In-TCP-NoScope","Remote Scheduled Tasks Management (RPC-EPMAP)","False","Allow","Inbound","Domain",
"RemoteAssistance-PnrpSvc-UDP-In-EdgeScope-Active","Remote Assistance (PNRP-In)","True","Allow","Inbound","Domain, Private",
"NETDIS-UPnPHost-Out-TCP-NoScope","Network Discovery (UPnP-Out)","False","Allow","Outbound","Domain",
"Collab-PNRP-In-UDP","Windows Peer to Peer Collaboration Foundation (PNRP-In)","False","Allow","Inbound","Any",
"DIAL-Protocol-Server-In-TCP-NoScope","DIAL protocol server (HTTP-In)","True","Allow","Inbound","Domain",
"NETDIS-WSDEVNT-In-TCP-NoScope","Network Discovery (WSD Events-In)","False","Allow","Inbound","Domain",
"RemoteSvcAdmin-RPCSS-In-TCP-NoScope","Remote Service Management (RPC-EPMAP)","False","Allow","Inbound","Domain",
"WMI-ASYNC-In-TCP-NoScope","Windows Management Instrumentation (ASync-In)","False","Allow","Inbound","Domain",
"NETDIS-WSDEVNT-Out-TCP-NoScope","Network Discovery (WSD Events-Out)","False","Allow","Outbound","Domain",
"NETDIS-FDRESPUB-WSD-Out-UDP-Active","Network Discovery (Pub WSD-Out)","True","Allow","Outbound","Private",
"NETDIS-LLMNR-Out-UDP","Network Discovery (LLMNR-UDP-Out)","False","Allow","Outbound","Domain",
"vm-monitoring-nb-session","Virtual Machine Monitoring (NB-Session-In)","False","Allow","Inbound","Any",
"RemoteFwAdmin-In-TCP-NoScope","Windows Defender Firewall Remote Management (RPC)","False","Allow","Inbound","Domain",
"WirelessDisplay-Out-TCP","Wireless Display (TCP-Out)","True","Allow","Outbound","Any",
"WirelessDisplay-Out-UDP","Wireless Display (UDP-Out)","True","Allow","Outbound","Any",
"RemoteAssistance-RAServer-Out-TCP-NoScope-Active","Remote Assistance (RA Server TCP-Out)","True","Allow","Outbound","Domain",
"CoreNet-ICMP6-RA-Out","Core Networking - Router Advertisement (ICMPv6-Out)","True","Allow","Outbound","Any",
"Collab-P2PHost-Out-TCP","Windows Peer to Peer Collaboration Foundation (TCP-Out)","False","Allow","Outbound","Any",
"NETDIS-WSDEVNTS-In-TCP-NoScope","Network Discovery (WSD EventsSecure-In)","False","Allow","Inbound","Domain",
"CoreNet-ICMP6-NDA-In","Core Networking - Neighbor Discovery Advertisement (ICMPv6-In)","True","Allow","Inbound","Any",
"CoreNet-IPHTTPS-Out","Core Networking - IPHTTPS (TCP-Out)","True","Allow","Outbound","Any",
"NVS-FrameServer-In-TCP-NoScope","Microsoft Media Foundation Network Source IN [TCP 554]","True","Allow","Inbound","Any",
"NETDIS-SSDPSrv-In-UDP","Network Discovery (SSDP-In)","False","Allow","Inbound","Domain",
"RemoteSvcAdmin-In-TCP","Remote Service Management (RPC)","False","Allow","Inbound","Private, Public",
"RemoteSvcAdmin-RPCSS-In-TCP","Remote Service Management (RPC-EPMAP)","False","Allow","Inbound","Private, Public",
"CoreNet-IGMP-Out","Core Networking - Internet Group Management Protocol (IGMP-Out)","True","Allow","Outbound","Any",
"WINRM-HTTP-Compat-In-TCP","Windows Remote Management - Compatibility Mode (HTTP-In)","False","Allow","Inbound","Private, Public",
"NETDIS-DAS-In-UDP","Network Discovery (WSD-In)","False","Allow","Inbound","Domain",
"Collab-P2PHost-WSD-Out-UDP","Windows Peer to Peer Collaboration Foundation (WSD-Out)","False","Allow","Outbound","Any",
"MsiScsi-In-TCP-NoScope","iSCSI Service (TCP-In)","False","Allow","Inbound","Domain",
"NETDIS-NB_Name-In-UDP-Active","Network Discovery (NB-Name-In)","True","Allow","Inbound","Private",
"CoreNet-ICMP6-PP-In","Core Networking - Parameter Problem (ICMPv6-In)","True","Allow","Inbound","Any",
"CoreNet-DNS-Out-UDP","Core Networking - DNS (UDP-Out)","True","Allow","Outbound","Any",
"NETDIS-NB_Datagram-Out-UDP-Active","Network Discovery (NB-Datagram-Out)","True","Allow","Outbound","Private",
"NETDIS-NB_Datagram-In-UDP","Network Discovery (NB-Datagram-In)","True","Allow","Inbound","Public",
"RemoteSvcAdmin-NP-In-TCP-NoScope","Remote Service Management (NP-In)","False","Allow","Inbound","Domain",
"CoreNet-Teredo-In","Core Networking - Teredo (UDP-In)","True","Allow","Inbound","Any",
"RemoteSvcAdmin-In-TCP-NoScope","Remote Service Management (RPC)","False","Allow","Inbound","Domain",
"NVS-FrameServer-Out-TCP-NoScope","Microsoft Media Foundation Network Source OUT [TCP ALL]","True","Allow","Outbound","Any",
"PNRPMNRS-PNRP-Out-UDP","Windows Collaboration Computer Name Registration Service (PNRP-Out)","False","Allow","Outbound","Any",
"MSDTC-RPCSS-In-TCP","Distributed Transaction Coordinator (RPC-EPMAP)","False","Allow","Inbound","Private, Public",
"NETDIS-UPnPHost-In-TCP","Network Discovery (UPnP-In)","True","Allow","Inbound","Public",
"CoreNet-ICMP6-NDA-Out","Core Networking - Neighbor Discovery Advertisement (ICMPv6-Out)","True","Allow","Outbound","Any",
"AllJoyn-Router-Out-UDP","AllJoyn Router (UDP-Out)","True","Allow","Outbound","Domain, Private",
"RemoteFwAdmin-RPCSS-In-TCP-NoScope","Windows Defender Firewall Remote Management (RPC-EPMAP)","False","Allow","Inbound","Domain",
"RemoteSvcAdmin-NP-In-TCP","Remote Service Management (NP-In)","False","Allow","Inbound","Private, Public",
"Microsoft-Windows-DeviceManagement-deviceenroller-TCP-Out","Windows Device Management Device Enroller (TCP out)","True","Allow","Outbound","Any",
"CoreNet-ICMP6-LQ-Out","Core Networking - Multicast Listener Query (ICMPv6-Out)","True","Allow","Outbound","Any",
"Collab-PNRP-SSDPSrv-Out-UDP","Windows Peer to Peer Collaboration Foundation (SSDP-Out)","False","Allow","Outbound","Any",
"NETDIS-NB_Name-In-UDP-NoScope","Network Discovery (NB-Name-In)","False","Allow","Inbound","Domain",
"CoreNet-Diag-ICMP6-EchoRequest-In","Core Networking Diagnostics - ICMP Echo Request (ICMPv6-In)","False","Allow","Inbound","Private, Public",
"RVM-RPCSS-In-TCP-NoScope","Remote Volume Management (RPC-EPMAP)","False","Allow","Inbound","Domain",
"RVM-VDSLDR-In-TCP","Remote Volume Management - Virtual Disk Service Loader (RPC)","False","Allow","Inbound","Private, Public",
"TPMVSCMGR-RPCSS-In-TCP","TPM Virtual Smart Card Management (DCOM-In)","False","Allow","Inbound","Private, Public",
"TPMVSCMGR-Server-In-TCP","TPM Virtual Smart Card Management (TCP-In)","False","Allow","Inbound","Private, Public",
"TPMVSCMGR-Server-Out-TCP","TPM Virtual Smart Card Management (TCP-Out)","False","Allow","Outbound","Private, Public",
"RemoteAssistance-SSDPSrv-In-UDP-Active","Remote Assistance (SSDP UDP-In)","True","Allow","Inbound","Domain, Private",
"NETDIS-WSDEVNTS-Out-TCP-NoScope","Network Discovery (WSD EventsSecure-Out)","False","Allow","Outbound","Domain",
"NETDIS-LLMNR-Out-UDP-Active","Network Discovery (LLMNR-UDP-Out)","True","Allow","Outbound","Private",
"NETDIS-UPnPHost-In-TCP-Teredo","Network Discovery for Teredo (UPnP-In)","True","Allow","Inbound","Public",
"NETDIS-FDRESPUB-WSD-Out-UDP","Network Discovery (Pub WSD-Out)","False","Allow","Outbound","Domain",
"CoreNet-ICMP6-TE-Out","Core Networking - Time Exceeded (ICMPv6-Out)","True","Allow","Outbound","Any",
"Netlogon-NamedPipe-In","Netlogon Service (NP-In)","False","Allow","Inbound","Any",
"NETDIS-SSDPSrv-In-UDP-Active","Network Discovery (SSDP-In)","True","Allow","Inbound","Private",
"vm-monitoring-icmpv4","Virtual Machine Monitoring (Echo Request - ICMPv4-In)","False","Allow","Inbound","Any",
"CDPSvc-In-UDP","Connected Devices Platform (UDP-In)","True","Allow","Inbound","Domain, Private",
"CDPSvc-In-TCP","Connected Devices Platform (TCP-In)","True","Allow","Inbound","Domain, Private",
"RemoteTask-RPCSS-In-TCP","Remote Scheduled Tasks Management (RPC-EPMAP)","False","Allow","Inbound","Private, Public",
"MDNS-In-UDP-Private-Active","mDNS (UDP-In)","True","Allow","Inbound","Private",
"AllJoyn-Router-Out-TCP","AllJoyn Router (TCP-Out)","True","Allow","Outbound","Domain, Private",
"RemoteAssistance-In-TCP-EdgeScope","Remote Assistance (TCP-In)","False","Allow","Inbound","Public",
"ProximityUxHost-Sharing-Out-TCP-NoScope","Proximity sharing over TCP (TCP sharing-Out)","True","Allow","Outbound","Any",
"NETDIS-LLMNR-In-UDP-Active","Network Discovery (LLMNR-UDP-In)","True","Allow","Inbound","Private",
"vm-monitoring-icmpv6","Virtual Machine Monitoring (Echo Request - ICMPv6-In)","False","Allow","Inbound","Any",
"CoreNet-ICMP6-LR-Out","Core Networking - Multicast Listener Report (ICMPv6-Out)","True","Allow","Outbound","Any",
"TPMVSCMGR-Server-Out-TCP-NoScope","TPM Virtual Smart Card Management (TCP-Out)","False","Allow","Outbound","Domain",
"WFDPRINT-DAFWSD-Out-Active","Wi-Fi Direct Network Discovery (Out)","True","Allow","Outbound","Public",
"RRAS-L2TP-In-UDP","Routing and Remote Access (L2TP-In)","False","Allow","Inbound","Any",
"CoreNet-ICMP6-PTB-In","Core Networking - Packet Too Big (ICMPv6-In)","True","Allow","Inbound","Any",
"CoreNet-DHCP-Out","Core Networking - Dynamic Host Configuration Protocol (DHCP-Out)","True","Allow","Outbound","Any",
"CoreNet-IPHTTPS-In","Core Networking - IPHTTPS (TCP-In)","True","Allow","Inbound","Any",
"NETDIS-WSDEVNT-Out-TCP","Network Discovery (WSD Events-Out)","True","Allow","Outbound","Public",
"RemoteFwAdmin-In-TCP","Windows Defender Firewall Remote Management (RPC)","False","Allow","Inbound","Private, Public",
"AllJoyn-Router-In-TCP","AllJoyn Router (TCP-In)","True","Allow","Inbound","Domain, Private",
"AllJoyn-Router-In-UDP","AllJoyn Router (UDP-In)","True","Allow","Inbound","Domain, Private",
"RemoteAssistance-PnrpSvc-UDP-OUT-Active","Remote Assistance (PNRP-Out)","True","Allow","Outbound","Domain, Private",
"CoreNet-ICMP6-LD-In","Core Networking - Multicast Listener Done (ICMPv6-In)","True","Allow","Inbound","Any",
"Microsoft-Windows-Unified-Telemetry-Client","Connected User Experiences and Telemetry","True","Allow","Outbound","Any",
"NETDIS-WSDEVNTS-In-TCP","Network Discovery (WSD EventsSecure-In)","True","Allow","Inbound","Public",
"CoreNet-ICMP6-DU-In","Core Networking - Destination Unreachable (ICMPv6-In)","True","Allow","Inbound","Any",
"WFDPRINT-SCAN-Out-Active","Wi-Fi Direct Scan Service Use (Out)","True","Allow","Outbound","Public",
"NETDIS-NB_Datagram-In-UDP-Active","Network Discovery (NB-Datagram-In)","True","Allow","Inbound","Private",
"CDPSvc-WFD-In-TCP","Connected Devices Platform - Wi-Fi Direct Transport (TCP-In)","True","Allow","Inbound","Public",
"RemoteTask-In-TCP","Remote Scheduled Tasks Management (RPC)","False","Allow","Inbound","Private, Public",
"NETDIS-SSDPSrv-Out-UDP","Network Discovery (SSDP-Out)","False","Allow","Outbound","Domain",
"CoreNet-Diag-ICMP4-EchoRequest-Out","Core Networking Diagnostics - ICMP Echo Request (ICMPv4-Out)","False","Allow","Outbound","Private, Public",
"MDNS-Out-UDP-Private-Active","mDNS (UDP-Out)","True","Allow","Outbound","Private",
"NETDIS-NB_Datagram-Out-UDP-NoScope","Network Discovery (NB-Datagram-Out)","False","Allow","Outbound","Domain",
"PerfLogsAlerts-DCOM-In-TCP-NoScope","Performance Logs and Alerts (DCOM-In)","False","Allow","Inbound","Domain",
"RRAS-PPTP-Out-TCP","Routing and Remote Access (PPTP-Out)","False","Allow","Outbound","Any",
"PerfLogsAlerts-PLASrv-In-TCP-NoScope","Performance Logs and Alerts (TCP-In)","False","Allow","Inbound","Domain",
"WINRM-HTTP-In-TCP-NoScope","Windows Remote Management (HTTP-In)","False","Allow","Inbound","Domain, Private",
"NETDIS-FDPHOST-Out-UDP","Network Discovery (WSD-Out)","False","Allow","Outbound","Domain",
"NETDIS-WSDEVNT-In-TCP","Network Discovery (WSD Events-In)","True","Allow","Inbound","Public",
"CoreNet-ICMP6-NDS-Out","Core Networking - Neighbor Discovery Solicitation (ICMPv6-Out)","True","Allow","Outbound","Any",
"WFDPRINT-DAFWSD-In-Active","Wi-Fi Direct Network Discovery (In)","True","Allow","Inbound","Public",
"Collab-PNRP-Out-UDP","Windows Peer to Peer Collaboration Foundation (PNRP-Out)","False","Allow","Outbound","Any",
"WirelessDisplay-In-TCP","Wireless Display (TCP-In)","True","Allow","Inbound","Any",
"PNRPMNRS-SSDPSrv-In-UDP","Windows Collaboration Computer Name Registration Service (SSDP-In)","False","Allow","Inbound","Any",
"NETDIS-UPnPHost-In-TCP-NoScope","Network Discovery (UPnP-In)","False","Allow","Inbound","Domain",
"PerfLogsAlerts-DCOM-In-TCP","Performance Logs and Alerts (DCOM-In)","False","Allow","Inbound","Private, Public",
"CoreNet-IPv6-Out","Core Networking - IPv6 (IPv6-Out)","True","Allow","Outbound","Any",
"NETDIS-WSDEVNTS-Out-TCP-Active","Network Discovery (WSD EventsSecure-Out)","True","Allow","Outbound","Private",
"RemoteEventLogSvc-RPCSS-In-TCP","Remote Event Log Management (RPC-EPMAP)","False","Allow","Inbound","Private, Public",
"CoreNet-Diag-ICMP6-EchoRequest-Out-NoScope","Core Networking Diagnostics - ICMP Echo Request (ICMPv6-Out)","False","Allow","Outbound","Domain",
"WMI-RPCSS-In-TCP-NoScope","Windows Management Instrumentation (DCOM-In)","False","Allow","Inbound","Domain",
"RemoteAssistance-SSDPSrv-In-TCP-Active","Remote Assistance (SSDP TCP-In)","True","Allow","Inbound","Domain, Private",
"MSDTC-KTMRM-In-TCP-NoScope","Distributed Transaction Coordinator (RPC)","False","Allow","Inbound","Domain",
"ProximityUxHost-Sharing-In-TCP-NoScope","Proximity sharing over TCP (TCP sharing-In)","True","Allow","Inbound","Any",
"MsiScsi-Out-TCP-NoScope","iSCSI Service (TCP-Out)","False","Allow","Outbound","Domain",
"NETDIS-FDRESPUB-WSD-In-UDP","Network Discovery (Pub-WSD-In)","False","Allow","Inbound","Domain",
"CoreNet-IGMP-In","Core Networking - Internet Group Management Protocol (IGMP-In)","True","Allow","Inbound","Any",
"CoreNet-GP-NP-Out-TCP","Core Networking - Group Policy (NP-Out)","True","Allow","Outbound","Domain",
"WMI-WINMGMT-In-TCP-NoScope","Windows Management Instrumentation (WMI-In)","False","Allow","Inbound","Domain",
"CoreNet-ICMP6-LR2-In","Core Networking - Multicast Listener Report v2 (ICMPv6-In)","True","Allow","Inbound","Any",
"RVM-VDSLDR-In-TCP-NoScope","Remote Volume Management - Virtual Disk Service Loader (RPC)","False","Allow","Inbound","Domain",
"NETDIS-FDPHOST-Out-UDP-Active","Network Discovery (WSD-Out)","True","Allow","Outbound","Private",
"NETDIS-FDPHOST-In-UDP","Network Discovery (WSD-In)","False","Allow","Inbound","Domain",
"RemoteEventLogSvc-In-TCP-NoScope","Remote Event Log Management (RPC)","False","Allow","Inbound","Domain",
"CoreNet-ICMP6-LQ-In","Core Networking - Multicast Listener Query (ICMPv6-In)","True","Allow","Inbound","Any",
"Collab-PNRP-SSDPSrv-In-UDP","Windows Peer to Peer Collaboration Foundation (SSDP-In)","False","Allow","Inbound","Any",
"Microsoft-Windows-DeviceManagement-OmaDmClient-TCP-Out","Windows Device Management Sync Client (TCP out)","True","Allow","Outbound","Any",
"CoreNet-ICMP6-LR-In","Core Networking - Multicast Listener Report (ICMPv6-In)","True","Allow","Inbound","Any",
"CoreNet-Diag-ICMP4-EchoRequest-In-NoScope","Core Networking Diagnostics - ICMP Echo Request (ICMPv4-In)","False","Allow","Inbound","Domain",
"SSTP-IN-TCP","Secure Socket Tunneling Protocol (SSTP-In)","False","Allow","Inbound","Any",
"DIAL-Protocol-Server-HTTPSTR-In-TCP-LocalSubnetScope","DIAL protocol server (HTTP-In)","True","Allow","Inbound","Private",
"MSDTC-In-TCP","Distributed Transaction Coordinator (TCP-In)","False","Allow","Inbound","Private, Public",
"CoreNet-DHCPV6-Out","Core Networking - Dynamic Host Configuration Protocol for IPv6(DHCPV6-Out)","True","Allow","Outbound","Any",
"RVM-VDS-In-TCP-NoScope","Remote Volume Management - Virtual Disk Service (RPC)","False","Allow","Inbound","Domain",
"WMI-WINMGMT-Out-TCP-NoScope","Windows Management Instrumentation (WMI-Out)","False","Allow","Outbound","Domain",
"Netlogon-TCP-RPC-In","Netlogon Service Authz (RPC)","False","Allow","Inbound","Any",
"CoreNet-ICMP6-TE-In","Core Networking - Time Exceeded (ICMPv6-In)","True","Allow","Inbound","Any",
"MDNS-In-UDP-Domain-Active","mDNS (UDP-In)","True","Allow","Inbound","Domain",
"Collab-P2PHost-In-TCP","Windows Peer to Peer Collaboration Foundation (TCP-In)","False","Allow","Inbound","Any",
"RemoteAssistance-In-TCP-EdgeScope-Active","Remote Assistance (TCP-In)","True","Allow","Inbound","Domain, Private",
"NETDIS-UPnP-Out-TCP-Active","Network Discovery (UPnPHost-Out)","True","Allow","Outbound","Private",
"CoreNet-Diag-ICMP4-EchoRequest-In","Core Networking Diagnostics - ICMP Echo Request (ICMPv4-In)","False","Allow","Inbound","Private, Public",
"WINRM-HTTP-Compat-In-TCP-NoScope","Windows Remote Management - Compatibility Mode (HTTP-In)","False","Allow","Inbound","Domain",
"NETDIS-NB_Name-Out-UDP-Active","Network Discovery (NB-Name-Out)","True","Allow","Outbound","Private",
"RRAS-GRE-Out","Routing and Remote Access (GRE-Out)","False","Allow","Outbound","Any",
"MSDTC-In-TCP-NoScope","Distributed Transaction Coordinator (TCP-In)","False","Allow","Inbound","Domain",
"NETDIS-NB_Name-Out-UDP-NoScope","Network Discovery (NB-Name-Out)","False","Allow","Outbound","Domain",
"CoreNet-GP-Out-TCP","Core Networking - Group Policy (TCP-Out)","True","Allow","Outbound","Domain",
"CoreNet-Diag-ICMP6-EchoRequest-In-NoScope","Core Networking Diagnostics - ICMP Echo Request (ICMPv6-In)","False","Allow","Inbound","Domain",
"MDNS-In-UDP-Public-Active","mDNS (UDP-In)","True","Allow","Inbound","Public",
"WMPNSS-WMP-Out-TCP","Windows Media Player Network Sharing Service (Streaming-TCP-Out)","False","Allow","Outbound","Private, Public",
"WMP-In-UDP","Windows Media Player (UDP-In)","False","Allow","Inbound","Any",
"Microsoft-Windows-PeerDist-HostedServer-Out","BranchCache Hosted Cache Server(HTTP-Out)","False","Allow","Outbound","Any",
"PlayTo-QWave-Out-TCP-PlayToScope","Cast to Device functionality (qWave-TCP-Out)","True","Allow","Outbound","Private, Public",
"RemoteDesktop-In-TCP-WS","Remote Desktop - (TCP-WS-In)","False","Allow","Inbound","Any",
"Microsoft-Windows-PeerDist-WSD-In","BranchCache Peer Discovery (WSD-In)","False","Allow","Inbound","Any",
"PlayTo-In-UDP-LocalSubnetScope","Cast to Device streaming server (RTCP-Streaming-In)","True","Allow","Inbound","Private",
"MCX-HTTPSTR-In-TCP","Media Center Extenders - HTTP Streaming (TCP-In)","False","Allow","Inbound","Any",
"WPDMTP-Out-TCP","Wireless Portable Devices (TCP-Out)","False","Allow","Outbound","Private, Public",
"MCX-QWave-In-UDP","Media Center Extenders - qWave (UDP-In)","False","Allow","Inbound","Any",
"PlayTo-Out-UDP-PlayToScope","Cast to Device streaming server (RTP-Streaming-Out)","True","Allow","Outbound","Public",
"PlayTo-Out-UDP-LocalSubnetScope","Cast to Device streaming server (RTP-Streaming-Out)","True","Allow","Outbound","Private",
"MCX-Prov-Out-TCP","Media Center Extenders - Device Provisioning (TCP-Out)","False","Allow","Outbound","Any",
"WMPNSS-QWave-In-TCP","Windows Media Player Network Sharing Service (qWave-TCP-In)","False","Allow","Inbound","Private, Public",
"WMPNSS-QWave-In-UDP","Windows Media Player Network Sharing Service (qWave-UDP-In)","False","Allow","Inbound","Private, Public",
"PlayTo-In-UDP-NoScope","Cast to Device streaming server (RTCP-Streaming-In)","True","Allow","Inbound","Domain",
"WMPNSS-UPnPHost-In-TCP","Windows Media Player Network Sharing Service (UPnP-In)","False","Allow","Inbound","Any",
"WMPNSS-WMP-Out-UDP-NoScope","Windows Media Player Network Sharing Service (Streaming-UDP-Out)","False","Allow","Outbound","Domain",
"Microsoft-Windows-PeerDist-HostedServer-In","BranchCache Hosted Cache Server (HTTP-In)","False","Allow","Inbound","Any",
"WMPNSS-UPnP-Out-TCP","Windows Media Player Network Sharing Service (UPnPHost-Out)","False","Allow","Outbound","Any",
"WMPNSS-In-UDP-NoScope","Windows Media Player Network Sharing Service (UDP-In)","False","Allow","Inbound","Domain",
"WMPNSS-In-TCP-NoScope","Windows Media Player Network Sharing Service (TCP-In)","False","Allow","Inbound","Domain",
"WMPNSS-QWave-In-TCP-NoScope","Windows Media Player Network Sharing Service (qWave-TCP-In)","False","Allow","Inbound","Domain",
"PlayTo-In-RTSP-NoScope","Cast to Device streaming server (RTSP-Streaming-In)","True","Allow","Inbound","Domain",
"MCX-In-UDP","Media Center Extenders - WMDRM-ND/RTP/RTCP (UDP-In)","False","Allow","Inbound","Any",
"WMP-In-UDP-x86","Windows Media Player x86 (UDP-In)","False","Allow","Inbound","Any",
"WMPNSS-In-UDP","Windows Media Player Network Sharing Service (UDP-In)","False","Allow","Inbound","Private, Public",
"WMPNSS-In-TCP","Windows Media Player Network Sharing Service (TCP-In)","False","Allow","Inbound","Private, Public",
"WPDMTP-Out-TCP-NoScope","Wireless Portable Devices (TCP-Out)","False","Allow","Outbound","Domain",
"WMPNSS-WMP-In-UDP-NoScope","Windows Media Player Network Sharing Service (Streaming-UDP-In)","False","Allow","Inbound","Domain",
"PlayTo-QWave-In-UDP-PlayToScope","Cast to Device functionality (qWave-UDP-In)","True","Allow","Inbound","Private, Public",
"WMPNSS-HTTPSTR-Out-TCP-NoScope","Windows Media Player Network Sharing Service (HTTP-Streaming-Out)","False","Allow","Outbound","Domain",
"CloudIdSvc-Allow-HTTPS-Out-TCP","Cloud Identity (TCP-Out)","True","Allow","Outbound","Any",
"WMPNSS-WMP-In-UDP","Windows Media Player Network Sharing Service (Streaming-UDP-In)","False","Allow","Inbound","Private, Public",
"MCX-In-TCP","Media Center Extenders - RTSP (TCP-In)","False","Allow","Inbound","Any",
"MCX-QWave-Out-UDP","Media Center Extenders - qWave (UDP-Out)","False","Allow","Outbound","Any",
"MCX-QWave-Out-TCP","Media Center Extenders - qWave (TCP-Out)","False","Allow","Outbound","Any",
"PlayTo-QWave-Out-UDP-PlayToScope","Cast to Device functionality (qWave-UDP-Out)","True","Allow","Outbound","Private, Public",
"RemoteDesktop-In-TCP-WSS","Remote Desktop - (TCP-WSS-In)","False","Allow","Inbound","Any",
"MCX-TERMSRV-In-TCP","Media Center Extenders - XSP (TCP-In)","False","Allow","Inbound","Any",
"WMPNSS-SSDPSrv-Out-UDP","Windows Media Player Network Sharing Service (SSDP-Out)","False","Allow","Outbound","Any",
"SPPSVC-In-TCP","Key Management Service (TCP-In)","False","Allow","Inbound","Private, Public",
"WMPNSS-QWave-Out-TCP","Windows Media Player Network Sharing Service (qWave-TCP-Out)","False","Allow","Outbound","Private, Public",
"WMPNSS-WMP-Out-TCP-NoScope","Windows Media Player Network Sharing Service (Streaming-TCP-Out)","False","Allow","Outbound","Domain",
"WMPNSS-UPnPHost-Out-TCP","Windows Media Player Network Sharing Service (UPnP-Out)","False","Allow","Outbound","Any",
"FPSSMBD-iWARP-In-TCP","File and Printer Sharing over SMBDirect (iWARP-In)","False","Allow","Inbound","Any",
"WMPNSS-SSDPSrv-In-UDP","Windows Media Player Network Sharing Service (SSDP-In)","False","Allow","Inbound","Any",
"WPDMTP-UPnPHost-In-TCP","Wireless Portable Devices (UPnP-In)","False","Allow","Inbound","Any",
"WMPNSS-HTTPSTR-Out-TCP","Windows Media Player Network Sharing Service (HTTP-Streaming-Out)","False","Allow","Outbound","Private, Public",
"WPDMTP-UPnPHost-Out-TCP","Wireless Portable Devices (UPnP-Out)","False","Allow","Outbound","Any",
"WMPNSS-Out-UDP","Windows Media Player Network Sharing Service (UDP-Out)","False","Allow","Outbound","Private, Public",
"WMPNSS-HTTPSTR-In-TCP","Windows Media Player Network Sharing Service (HTTP-Streaming-In)","False","Allow","Inbound","Private, Public",
"WMPNSS-QWave-Out-UDP","Windows Media Player Network Sharing Service (qWave-UDP-Out)","False","Allow","Outbound","Private, Public",
"PlayTo-HTTPSTR-In-TCP-LocalSubnetScope","Cast to Device streaming server (HTTP-Streaming-In)","True","Allow","Inbound","Private",
"PlayTo-QWave-In-TCP-PlayToScope","Cast to Device functionality (qWave-TCP-In)","True","Allow","Inbound","Private, Public",
"MCX-SSDPSrv-In-UDP","Media Center Extenders - SSDP (UDP-In)","False","Allow","Inbound","Any",
"RemoteDesktop-Shadow-In-TCP","Remote Desktop - Shadow (TCP-In)","False","Allow","Inbound","Any",
"WMPNSS-QWave-Out-UDP-NoScope","Windows Media Player Network Sharing Service (qWave-UDP-Out)","False","Allow","Outbound","Domain",
"WMPNSS-QWave-Out-TCP-NoScope","Windows Media Player Network Sharing Service (qWave-TCP-Out)","False","Allow","Outbound","Domain",
"MCX-FDPHost-Out-TCP","Media Center Extenders - UPnP (TCP-Out)","False","Allow","Outbound","Any",
"MCX-MCX2SVC-Out-TCP","Media Center Extenders - Service (TCP-Out)","False","Allow","Outbound","Any",
"WMPNSS-Out-TCP","Windows Media Player Network Sharing Service (TCP-Out)","False","Allow","Outbound","Private, Public",
"Microsoft-Windows-PeerDist-HostedClient-Out","BranchCache Hosted Cache Client (HTTP-Out)","False","Allow","Outbound","Any",
"PlayTo-SSDP-Discovery-PlayToScope","Cast to Device SSDP Discovery (UDP-In)","True","Allow","Inbound","Public",
"MCX-McrMgr-Out-TCP","Media Center Extenders - Device Validation (TCP-Out)","False","Allow","Outbound","Any",
"WPDMTP-SSDPSrv-In-UDP","Wireless Portable Devices (SSDP-In)","False","Allow","Inbound","Any",
"PlayTo-Out-UDP-NoScope","Cast to Device streaming server (RTP-Streaming-Out)","True","Allow","Outbound","Domain",
"WPDMTP-SSDPSrv-Out-UDP","Wireless Portable Devices (SSDP-Out)","False","Allow","Outbound","Any",
"WPDMTP-UPnP-Out-TCP","Wireless Portable Devices (UPnPHost-Out)","False","Allow","Outbound","Any",
"PlayTo-UPnP-Events-PlayToScope","Cast to Device UPnP Events (TCP-In)","True","Allow","Inbound","Public",
"MCX-Out-TCP","Media Center Extenders - RTSP (TCP-Out)","False","Allow","Outbound","Any",
"MCX-Out-UDP","Media Center Extenders - WMDRM-ND/RTP/RTCP (UDP-Out)","False","Allow","Outbound","Any",
"MCX-PlayTo-Out-UDP","Media Center Extenders - Media Streaming (UDP-Out)","False","Allow","Outbound","Any",
"PlayTo-In-RTSP-LocalSubnetScope","Cast to Device streaming server (RTSP-Streaming-In)","True","Allow","Inbound","Private",
"WMPNSS-Out-UDP-NoScope","Windows Media Player Network Sharing Service (UDP-Out)","False","Allow","Outbound","Domain",
"PlayTo-In-UDP-PlayToScope","Cast to Device streaming server (RTCP-Streaming-In)","True","Allow","Inbound","Public",
"SPPSVC-In-TCP-NoScope","Key Management Service (TCP-In)","False","Allow","Inbound","Domain",
"MCX-PlayTo-In-TCP","Media Center Extenders - Media Streaming (TCP-In)","False","Allow","Inbound","Any",
"RemoteDesktop-UserMode-In-TCP","Remote Desktop - User Mode (TCP-In)","False","Allow","Inbound","Any",
"RemoteDesktop-UserMode-In-UDP","Remote Desktop - User Mode (UDP-In)","False","Allow","Inbound","Any",
"Microsoft-Windows-PeerDist-HttpTrans-Out","BranchCache Content Retrieval (HTTP-Out)","False","Allow","Outbound","Any",
"MCX-SSDPSrv-Out-UDP","Media Center Extenders - SSDP (UDP-Out)","False","Allow","Outbound","Any",
"MCX-PlayTo-Out-TCP","Media Center Extenders - Media Streaming (TCP-Out)","False","Allow","Outbound","Any",
"WMP-Out-UDP-x86","Windows Media Player x86 (UDP-Out)","False","Allow","Outbound","Any",
"WMP-Out-TCP-x86","Windows Media Player x86 (TCP-Out)","False","Allow","Outbound","Any",
"PlayTo-HTTPSTR-In-TCP-NoScope","Cast to Device streaming server (HTTP-Streaming-In)","True","Allow","Inbound","Domain",
"PlayTo-HTTPSTR-In-TCP-PlayToScope","Cast to Device streaming server (HTTP-Streaming-In)","True","Allow","Inbound","Public",
"PlayTo-In-RTSP-PlayToScope","Cast to Device streaming server (RTSP-Streaming-In)","True","Allow","Inbound","Public",
"WMPNSS-WMP-Out-UDP","Windows Media Player Network Sharing Service (Streaming-UDP-Out)","False","Allow","Outbound","Private, Public",
"WMPNSS-HTTPSTR-In-TCP-NoScope","Windows Media Player Network Sharing Service (HTTP-Streaming-In)","False","Allow","Inbound","Domain",
"Microsoft-Windows-PeerDist-HttpTrans-In","BranchCache Content Retrieval (HTTP-In)","False","Allow","Inbound","Any",
"WMP-Out-UDP","Windows Media Player (UDP-Out)","False","Allow","Outbound","Any",
"WMP-Out-TCP","Windows Media Player (TCP-Out)","False","Allow","Outbound","Any",
"Microsoft-Windows-PeerDist-WSD-Out","BranchCache Peer Discovery (WSD-Out)","False","Allow","Outbound","Any",
"WMPNSS-QWave-In-UDP-NoScope","Windows Media Player Network Sharing Service (qWave-UDP-In)","False","Allow","Inbound","Domain",
"WMPNSS-Out-TCP-NoScope","Windows Media Player Network Sharing Service (TCP-Out)","False","Allow","Outbound","Domain",
"MCX-QWave-In-TCP","Media Center Extenders - qWave (TCP-In)","False","Allow","Inbound","Any",
"{412E4C67-9448-4CED-9414-5436BF4CA9AF}","@{MicrosoftWindows.Client.CBS_1000.22700.1055.0_x64__cw5n1h2txyewy?ms-resource://MicrosoftWindows.Client.CBS/resources/ProductPkgDisplayName}","True","Allow","Inbound","Domain, Private",
"{B52A635B-2853-49CF-A5A6-C5CA8B839087}","@{MicrosoftWindows.Client.CBS_1000.22700.1055.0_x64__cw5n1h2txyewy?ms-resource://MicrosoftWindows.Client.CBS/resources/ProductPkgDisplayName}","True","Allow","Outbound","Any",
"UDP Query User{9DF51E87-3E63-4044-AC1E-2C72106D12AF}C:\users\dell\downloads\anydesk.exe","anydesk.exe","True","Allow","Inbound","Public",
"TCP Query User{86D96FAB-7AE5-46C5-A17B-2D8E57A0A756}C:\users\dell\downloads\anydesk.exe","anydesk.exe","True","Allow","Inbound","Public",
"{1B6D430D-727D-4FA1-8A77-892E2135CE55}","Intel® Graphics Command Center","True","Allow","Outbound","Any",
"{F34B6B1C-4A0B-4DBE-AFE1-4B1DF3AA3D60}","Microsoft Sticky Notes","True","Allow","Inbound","Domain, Private",
"{4B7E09F0-0FBC-4331-A364-F881EA12309B}","Microsoft Sticky Notes","True","Allow","Outbound","Any",
"{85E52922-7BCE-41A9-B1C4-ED890E731672}","Airhost service for Zoom Video Meetings","True","Allow","Inbound","Any",
"{97450C64-97C8-4D9D-9DAC-B727C8D83714}","Airhost service for Zoom Video Meetings","True","Allow","Inbound","Any",
"{FF2A472D-F2FF-47C7-847F-CA0DD272CB2F}","Zoom Video Meeting","True","Allow","Inbound","Any",
"{D45B01C7-BFF2-493A-9BA0-12E9AEF5A5FE}","Xbox TCUI","True","Allow","Outbound","Any",
"{C73F0FF0-DC14-4925-9A6B-0BF154773627}","Xbox Game Bar Plugin","True","Allow","Outbound","Any",
"{EC556FE8-10C5-4907-A95E-54F067B34EC7}","Microsoft People","True","Allow","Outbound","Any",
"{5A94D638-8750-4F89-90DE-0F1A767A04F6}","News","True","Allow","Outbound","Any",
"{54465810-BCED-4506-A82F-FC842936ECA4}","@{Microsoft.AccountsControl_10.0.22621.1_neutral__cw5n1h2txyewy?ms-resource://Microsoft.AccountsControl/Resources/DisplayName}","True","Allow","Outbound","Any",
"{AFCD3923-FB3C-429A-820F-7A1CD02AA8D6}","@{Microsoft.Windows.Apprep.ChxApp_1000.22621.1.0_neutral_neutral_cw5n1h2txyewy?ms-resource://Microsoft.Windows.Apprep.ChxApp/resources/DisplayName}","True","Allow","Outbound","Any",
"{BD9DF81B-F65B-4D98-B5F6-6D1E671C915F}","@{Microsoft.LockApp_10.0.22621.3235_neutral__cw5n1h2txyewy?ms-resource://Microsoft.LockApp/resources/AppDisplayName}","True","Allow","Outbound","Any",
"{1F9B69E7-AD23-4C66-B1ED-A34E7EDA3B56}","@{Microsoft.XboxGameCallableUI_1000.22621.1.0_neutral_neutral_cw5n1h2txyewy?ms-resource://Microsoft.XboxGameCallableUI/resources/PkgDisplayName}","True","Allow","Outbound","Any",
"{62AEFDB3-6056-4B0F-9D02-E4BE1E129C05}","@{Microsoft.Win32WebViewHost_10.0.22621.1_neutral_neutral_cw5n1h2txyewy?ms-resource://Windows.Win32WebViewHost/resources/DisplayName}","True","Allow","Inbound","Any",
"{E4B7DAE2-FE4A-4403-A660-937C20540280}","@{Microsoft.Win32WebViewHost_10.0.22621.1_neutral_neutral_cw5n1h2txyewy?ms-resource://Windows.Win32WebViewHost/resources/DisplayName}","True","Allow","Outbound","Any",
"{26CE5554-F918-451B-9111-F995343BA395}","@{Microsoft.Windows.SecureAssessmentBrowser_10.0.22621.2506_neutral_neutral_cw5n1h2txyewy?ms-resource://Microsoft.Windows.SecureAssessmentBrowser/Resources/PackageDisplayName}","True","Allow","Outbound","Any",
"{6208B0BD-C281-410A-8441-3C6DE525A61E}","@{Microsoft.Windows.ParentalControls_1000.22621.1.0_neutral_neutral_cw5n1h2txyewy?ms-resource://Microsoft.Windows.ParentalControls/resources/DisplayName}","True","Allow","Outbound","Any",
"{2DE8F985-05C2-4C59-9A75-99E6BC1BC64F}","@{Microsoft.Windows.PeopleExperienceHost_10.0.22621.1_neutral_neutral_cw5n1h2txyewy?ms-resource://Microsoft.Windows.PeopleExperienceHost/resources/PkgDisplayName}","True","Allow","Outbound","Any",
"{08678BB7-6BEA-4C38-9720-44E6B87B4798}","@{Microsoft.Windows.SecureAssessmentBrowser_10.0.22621.2506_neutral_neutral_cw5n1h2txyewy?ms-resource://Microsoft.Windows.SecureAssessmentBrowser/Resources/PackageDisplayName}","True","Allow","Outbound","Any",
"{59D2B6DF-AE70-4624-A7D0-1091B10C32AC}","@{Microsoft.XboxGameCallableUI_1000.22621.1.0_neutral_neutral_cw5n1h2txyewy?ms-resource://Microsoft.XboxGameCallableUI/resources/PkgDisplayName}","True","Allow","Outbound","Any",
"{5EE9B4B1-1F92-4074-B07E-80CDB0465CE5}","@{Microsoft.Win32WebViewHost_10.0.22621.1_neutral_neutral_cw5n1h2txyewy?ms-resource://Windows.Win32WebViewHost/resources/DisplayName}","True","Allow","Inbound","Any",
"{1A299748-B988-4F0E-B0E2-3B7FC1889579}","@{Microsoft.Win32WebViewHost_10.0.22621.1_neutral_neutral_cw5n1h2txyewy?ms-resource://Windows.Win32WebViewHost/resources/DisplayName}","True","Allow","Outbound","Any",
"{C06084CF-2EBD-4C4A-B7C2-5F53250A2B71}","@{Microsoft.AccountsControl_10.0.22621.1_neutral__cw5n1h2txyewy?ms-resource://Microsoft.AccountsControl/Resources/DisplayName}","True","Allow","Outbound","Any",
"{5FE4AD29-4482-440B-9B1D-B0C59E62937C}","@{Microsoft.LockApp_10.0.22621.3235_neutral__cw5n1h2txyewy?ms-resource://Microsoft.LockApp/resources/AppDisplayName}","True","Allow","Outbound","Any",
"{394812B9-92AC-4C2F-A8F6-E33AB05718A9}","@{Microsoft.Windows.Apprep.ChxApp_1000.22621.1.0_neutral_neutral_cw5n1h2txyewy?ms-resource://Microsoft.Windows.Apprep.ChxApp/resources/DisplayName}","True","Allow","Outbound","Any",
"{D2F22B50-B3BA-49D8-B771-1CC1918648C6}","@{Microsoft.Windows.ParentalControls_1000.22621.1.0_neutral_neutral_cw5n1h2txyewy?ms-resource://Microsoft.Windows.ParentalControls/resources/DisplayName}","True","Allow","Outbound","Any",
"{325B165F-3698-4D86-A6C0-34B8BF947DCE}","@{Microsoft.Windows.PeopleExperienceHost_10.0.22621.1_neutral_neutral_cw5n1h2txyewy?ms-resource://Microsoft.Windows.PeopleExperienceHost/resources/PkgDisplayName}","True","Allow","Outbound","Any",
"{96C0F8FB-BAA6-4EC8-953B-1FB03CFE8AEE}","@{Microsoft.Windows.ContentDeliveryManager_10.0.22621.2506_neutral_neutral_cw5n1h2txyewy?ms-resource://Microsoft.Windows.ContentDeliveryManager/resources/AppDisplayName}","True","Allow","Outbound","Any",
"{ECEE0C52-8A81-4D8C-9A06-6B49677B5BE8}","@{Microsoft.Windows.StartMenuExperienceHost_10.0.22621.4249_neutral_neutral_cw5n1h2txyewy?ms-resource://Microsoft.Windows.StartMenuExperienceHost/StartMenuExperienceHost/PkgDisplayName}","True","Allow","Inbound","Domain, Private",
"{29ABAC13-2F06-43AA-A115-8C6AD4DD5E49}","@{Microsoft.Windows.StartMenuExperienceHost_10.0.22621.4249_neutral_neutral_cw5n1h2txyewy?ms-resource://Microsoft.Windows.StartMenuExperienceHost/StartMenuExperienceHost/PkgDisplayName}","True","Allow","Outbound","Any",
"{FAD37413-B8CE-4F89-81A0-D02B1C3CAD7F}","@{Microsoft.AAD.BrokerPlugin_1000.19580.1000.0_neutral_neutral_cw5n1h2txyewy?ms-resource://Microsoft.AAD.BrokerPlugin/resources/PackageDisplayName}","True","Allow","Inbound","Domain, Private",
"{4BA9ADEC-47DF-404A-AF5F-26BEE9C67CB6}","@{Microsoft.AAD.BrokerPlugin_1000.19580.1000.0_neutral_neutral_cw5n1h2txyewy?ms-resource://Microsoft.AAD.BrokerPlugin/resources/PackageDisplayName}","True","Allow","Outbound","Any",
"{0792C73B-0CD9-4473-ACA2-ED1B6CB1A331}","@{Microsoft.Windows.CloudExperienceHost_10.0.22621.2506_neutral_neutral_cw5n1h2txyewy?ms-resource://Microsoft.Windows.CloudExperienceHost/resources/appDescription}","True","Allow","Inbound","Domain, Private",
"{D446277A-CD2F-47B5-BC6E-9749605284CD}","@{Microsoft.Windows.CloudExperienceHost_10.0.22621.2506_neutral_neutral_cw5n1h2txyewy?ms-resource://Microsoft.Windows.CloudExperienceHost/resources/appDescription}","True","Allow","Outbound","Any",
"{39D965C0-C509-4A84-9FD1-47C5A13EE84C}","Microsoft Teams (personal)","True","Allow","Inbound","Any",
"{AFA3E57B-4128-4501-A8BD-C7E410D1A89E}","Microsoft Teams (personal)","True","Allow","Inbound","Any",
"windows_ie_ac_001-Out-Allow-AllCapabilities","windows_ie_ac_001","True","Allow","Outbound","Domain, Private, Public",
"Microsoft.AccountsControl_cw5n1h2txyewy-Out-Allow-AllCapabilities","Email and accounts","True","Allow","Outbound","Domain, Private, Public",
"Microsoft.Win32WebViewHost_cw5n1h2txyewy-Out-Allow-AllCapabilities","Desktop App Web Viewer","True","Allow","Outbound","Domain, Private, Public",
"Microsoft.Win32WebViewHost_cw5n1h2txyewy-In-Allow-ServerCapability","Desktop App Web Viewer","True","Allow","Inbound","Domain, Private, Public",
"Microsoft.Windows.Apprep.ChxApp_cw5n1h2txyewy-Out-Allow-AllCapabilities","Windows Defender SmartScreen","True","Allow","Outbound","Domain, Private, Public",
"Microsoft.Windows.CloudExperienceHost_cw5n1h2txyewy-Out-Allow-AllCapabilities","Your account","True","Allow","Outbound","Domain, Private, Public",
"Microsoft.Windows.CloudExperienceHost_cw5n1h2txyewy-In-Allow-ServerCapability","Your account","True","Allow","Inbound","Domain, Private",
"Microsoft.Windows.ContentDeliveryManager_cw5n1h2txyewy-Out-Allow-AllCapabilities","Microsoft Content","True","Allow","Outbound","Domain, Private, Public",
"Microsoft.Windows.ParentalControls_cw5n1h2txyewy-Out-Allow-AllCapabilities","Microsoft Family Safety","True","Allow","Outbound","Domain, Private, Public",
"Microsoft.Windows.PeopleExperienceHost_cw5n1h2txyewy-Out-Allow-AllCapabilities","Windows Shell Experience","True","Allow","Outbound","Domain, Private, Public",
"Microsoft.Windows.PrintQueueActionCenter_cw5n1h2txyewy-Out-Allow-AllCapabilities","Print Queue","True","Allow","Outbound","Domain, Private, Public",
"Microsoft.Windows.SecureAssessmentBrowser_cw5n1h2txyewy-Out-Allow-AllCapabilities","Take a Test","True","Allow","Outbound","Domain, Private, Public",
"Microsoft.XboxGameCallableUI_cw5n1h2txyewy-Out-Allow-AllCapabilities","Xbox Game UI","True","Allow","Outbound","Domain, Private, Public",
"Windows.PrintDialog_cw5n1h2txyewy-Out-Allow-AllCapabilities","Windows Print","True","Allow","Outbound","Domain, Private, Public",
"{6F93D1AD-C741-451B-A5DE-611E32F6E950}","Microsoft Teams","True","Allow","Inbound","Any",
"{C9B19EC4-EBA2-4C74-8AD9-80FA8F02CEDA}","Microsoft Teams","True","Allow","Inbound","Any",
"Microsoft.Windows.NarratorQuickStart_8wekyb3d8bbwe-Out-Allow-AllCapabilities","Narrator","True","Allow","Outbound","Domain, Private, Public",
"Microsoft.MicrosoftOfficeHub_8wekyb3d8bbwe-Out-Allow-AllCapabilities","Microsoft 365 (Office)","True","Allow","Outbound","Domain, Private, Public",
"Microsoft.BingNews_8wekyb3d8bbwe-Out-Allow-AllCapabilities","News","True","Allow","Outbound","Domain, Private, Public",
"{9DCFD186-3473-4481-B1AF-7EB957EF4C3D}","Network Discovery (WSD-In)","True","Allow","Inbound","Public",
"{69E54FC3-35FC-4AEC-81A7-F8F0ABF39C41}","Network Discovery (Pub-WSD-In)","True","Allow","Inbound","Public",
"{CB7A9A01-5490-4BAB-A10E-B64F3470631A}","Network Discovery (WSD-Out)","True","Allow","Outbound","Public",
"{361DAFDF-AC06-4869-B990-6EEC846ED25A}","Network Discovery (SSDP-Out)","True","Allow","Outbound","Public",
"{CA9B75E6-C900-4F63-820A-E7284D4607AC}","Network Discovery (Pub WSD-Out)","True","Allow","Outbound","Public",
"{2C3A5EED-27F2-4B35-A90E-7DF85BE9F3F9}","Network Discovery (WSD-In)","True","Allow","Inbound","Public",
"{6B73C956-523F-4533-9B2D-E7D4439D8649}","Network Discovery (SSDP-In)","True","Allow","Inbound","Public",
"{F04E5873-AF8C-4456-994F-8A97FD7C44ED}","Network Discovery (LLMNR-UDP-Out)","True","Allow","Outbound","Public",
"{355E8DBF-B8CA-4A10-A305-B7FFAAE468D1}","Network Discovery (UPnPHost-Out)","True","Allow","Outbound","Public",
"{80288796-0716-465D-9ECB-0DF31C8BF8A8}","Network Discovery (LLMNR-UDP-In)","True","Allow","Inbound","Public",
"Microsoft.AAD.BrokerPlugin_cw5n1h2txyewy-Out-Allow-AllCapabilities","Work or school account","True","Allow","Outbound","Domain, Private, Public",
"Microsoft.AAD.BrokerPlugin_cw5n1h2txyewy-In-Allow-ServerCapability","Work or school account","True","Allow","Inbound","Domain, Private",
"WiFiDirect-KM-Driver-Out-UDP","WFD Driver-only (UDP-Out)","True","Allow","Outbound","Any",
"Wininit-Shutdown-In-Rule-TCP-RPC","Inbound Rule for Remote Shutdown (TCP-In)","False","Allow","Inbound","Any",
"Microsoft-Windows-WLANSvc-ASP-CP-In","WFD ASP Coordination Protocol (UDP-In)","True","Allow","Inbound","Any",
"WiFiDirect-KM-Driver-In-TCP","WFD Driver-only (TCP-In)","True","Allow","Inbound","Any",
"WiFiDirect-KM-Driver-Out-TCP","WFD Driver-only (TCP-Out)","True","Allow","Outbound","Any",
"Wininit-Shutdown-In-Rule-TCP-RPC-EPMapper","Inbound Rule for Remote Shutdown (RPC-EP-In)","False","Allow","Inbound","Any",
"Microsoft-Windows-WLANSvc-ASP-CP-Out","WFD ASP Coordination Protocol (UDP-Out)","True","Allow","Outbound","Any",
"WiFiDirect-KM-Driver-In-UDP","WFD Driver-only (UDP-In)","True","Allow","Inbound","Any",
"FPS-RPCSS-In-TCP-NoScope","File and Printer Sharing (Spooler Service - RPC-EPMAP)","False","Allow","Inbound","Domain",
"FPS-SpoolSvc-In-TCP-NoScope","File and Printer Sharing (Spooler Service - RPC)","False","Allow","Inbound","Domain",
"FPS-ICMP6-ERQ-Out-V2","File and Printer Sharing (Restrictive) (Echo Request - ICMPv6-Out)","True","Allow","Outbound","Public",
"FPS-ICMP6-ERQ-Out-V2_1","File and Printer Sharing (Restrictive) (Echo Request - ICMPv6-Out)","False","Allow","Outbound","Domain, Private",
"FPS-NB_Session-In-TCP-NoScope","File and Printer Sharing (NB-Session-In)","False","Allow","Inbound","Domain",
"FPS-NB_Datagram-Out-UDP-NoScope","File and Printer Sharing (NB-Datagram-Out)","False","Allow","Outbound","Domain",
"FPS-SpoolSvc-In-TCP","File and Printer Sharing (Spooler Service - RPC)","True","Allow","Inbound","Public",
"FPS-SpoolSvc-In-TCP_1","File and Printer Sharing (Spooler Service - RPC)","False","Allow","Inbound","Private",
"FPS-ICMP4-ERQ-Out","File and Printer Sharing (Echo Request - ICMPv4-Out)","True","Allow","Outbound","Public",
"FPS-ICMP4-ERQ-Out_1","File and Printer Sharing (Echo Request - ICMPv4-Out)","False","Allow","Outbound","Private",
"FPS-NB_Name-Out-UDP-NoScope","File and Printer Sharing (NB-Name-Out)","False","Allow","Outbound","Domain",
"FPS-SMB-Out-TCP","File and Printer Sharing (SMB-Out)","True","Allow","Outbound","Public",
"FPS-SMB-Out-TCP_1","File and Printer Sharing (SMB-Out)","False","Allow","Outbound","Private",
"FPS-ICMP4-ERQ-Out-NoScope","File and Printer Sharing (Echo Request - ICMPv4-Out)","False","Allow","Outbound","Domain",
"FPS-SMB-Out-TCP-NoScope","File and Printer Sharing (SMB-Out)","False","Allow","Outbound","Domain",
"FPS-SMB-In-TCP-V2","File and Printer Sharing (Restrictive) (SMB-In)","True","Allow","Inbound","Public",
"FPS-SMB-In-TCP-V2_1","File and Printer Sharing (Restrictive) (SMB-In)","False","Allow","Inbound","Domain, Private",
"FPS-SpoolWorker-In-TCP","File and Printer Sharing (Spooler Service Worker - RPC)","False","Allow","Inbound","Private, Public",
"FPS-NB_Datagram-In-UDP-NoScope","File and Printer Sharing (NB-Datagram-In)","False","Allow","Inbound","Domain",
"FPS-NB_Name-In-UDP","File and Printer Sharing (NB-Name-In)","True","Allow","Inbound","Public",
"FPS-NB_Name-In-UDP_1","File and Printer Sharing (NB-Name-In)","False","Allow","Inbound","Private",
"FPS-NB_Session-Out-TCP","File and Printer Sharing (NB-Session-Out)","True","Allow","Outbound","Public",
"FPS-NB_Session-Out-TCP_1","File and Printer Sharing (NB-Session-Out)","False","Allow","Outbound","Private",
"FPS-LLMNR-In-UDP-V2","File and Printer Sharing (Restrictive) (LLMNR-UDP-In)","True","Allow","Inbound","Public",
"FPS-LLMNR-In-UDP-V2_1","File and Printer Sharing (Restrictive) (LLMNR-UDP-In)","False","Allow","Inbound","Domain, Private",
"FPS-LLMNR-Out-UDP-V2","File and Printer Sharing (Restrictive) (LLMNR-UDP-Out)","True","Allow","Outbound","Public",
"FPS-LLMNR-Out-UDP-V2_1","File and Printer Sharing (Restrictive) (LLMNR-UDP-Out)","False","Allow","Outbound","Domain, Private",
"FPS-RPCSS-In-TCP","File and Printer Sharing (Spooler Service - RPC-EPMAP)","True","Allow","Inbound","Public",
"FPS-RPCSS-In-TCP_1","File and Printer Sharing (Spooler Service - RPC-EPMAP)","False","Allow","Inbound","Private",
"FPS-ICMP6-ERQ-Out","File and Printer Sharing (Echo Request - ICMPv6-Out)","True","Allow","Outbound","Public",
"FPS-ICMP6-ERQ-Out_1","File and Printer Sharing (Echo Request - ICMPv6-Out)","False","Allow","Outbound","Private",
"FPS-NB_Name-In-UDP-NoScope","File and Printer Sharing (NB-Name-In)","False","Allow","Inbound","Domain",
"FPS-SpoolSvc-In-TCP-V2","File and Printer Sharing (Restrictive) (Spooler Service - RPC)","True","Allow","Inbound","Public",
"FPS-SpoolSvc-In-TCP-V2_1","File and Printer Sharing (Restrictive) (Spooler Service - RPC)","False","Allow","Inbound","Domain, Private",
"FPS-NB_Session-In-TCP","File and Printer Sharing (NB-Session-In)","True","Allow","Inbound","Public",
"FPS-NB_Session-In-TCP_1","File and Printer Sharing (NB-Session-In)","False","Allow","Inbound","Private",
"FPS-ICMP4-ERQ-In","File and Printer Sharing (Echo Request - ICMPv4-In)","True","Allow","Inbound","Public",
"FPS-ICMP4-ERQ-In_1","File and Printer Sharing (Echo Request - ICMPv4-In)","False","Allow","Inbound","Private",
"FPS-SpoolWorker-In-TCP-V2","File and Printer Sharing (Restrictive) (Spooler Service Worker - RPC)","False","Allow","Inbound","Domain, Private",
"FPS-SMB-In-TCP","File and Printer Sharing (SMB-In)","True","Allow","Inbound","Public",
"FPS-SMB-In-TCP_1","File and Printer Sharing (SMB-In)","False","Allow","Inbound","Private",
"FPS-SMB-Out-TCP-V2","File and Printer Sharing (Restrictive) (SMB-Out)","True","Allow","Outbound","Public",
"FPS-SMB-Out-TCP-V2_1","File and Printer Sharing (Restrictive) (SMB-Out)","False","Allow","Outbound","Domain, Private",
"FPS-SMB-In-TCP-NoScope","File and Printer Sharing (SMB-In)","False","Allow","Inbound","Domain",
"FPS-ICMP6-ERQ-Out-NoScope","File and Printer Sharing (Echo Request - ICMPv6-Out)","False","Allow","Outbound","Domain",
"FPS-SpoolWorker-In-TCP-NoScope","File and Printer Sharing (Spooler Service Worker - RPC)","False","Allow","Inbound","Domain",
"FPS-ICMP4-ERQ-In-V2","File and Printer Sharing (Restrictive) (Echo Request - ICMPv4-In)","True","Allow","Inbound","Public",
"FPS-ICMP4-ERQ-In-V2_1","File and Printer Sharing (Restrictive) (Echo Request - ICMPv4-In)","False","Allow","Inbound","Domain, Private",
"FPS-NB_Datagram-Out-UDP","File and Printer Sharing (NB-Datagram-Out)","True","Allow","Outbound","Public",
"FPS-NB_Datagram-Out-UDP_1","File and Printer Sharing (NB-Datagram-Out)","False","Allow","Outbound","Private",
"FPS-NB_Session-Out-TCP-NoScope","File and Printer Sharing (NB-Session-Out)","False","Allow","Outbound","Domain",
"FPS-ICMP6-ERQ-In","File and Printer Sharing (Echo Request - ICMPv6-In)","True","Allow","Inbound","Public",
"FPS-ICMP6-ERQ-In_1","File and Printer Sharing (Echo Request - ICMPv6-In)","False","Allow","Inbound","Private",
"FPS-ICMP4-ERQ-Out-V2","File and Printer Sharing (Restrictive) (Echo Request - ICMPv4-Out)","True","Allow","Outbound","Public",
"FPS-ICMP4-ERQ-Out-V2_1","File and Printer Sharing (Restrictive) (Echo Request - ICMPv4-Out)","False","Allow","Outbound","Domain, Private",
"FPS-RPCSS-In-TCP-V2","File and Printer Sharing (Restrictive) (Spooler Service - RPC-EPMAP)","True","Allow","Inbound","Public",
"FPS-RPCSS-In-TCP-V2_1","File and Printer Sharing (Restrictive) (Spooler Service - RPC-EPMAP)","False","Allow","Inbound","Domain, Private",
"FPS-ICMP6-ERQ-In-NoScope","File and Printer Sharing (Echo Request - ICMPv6-In)","False","Allow","Inbound","Domain",
"FPS-NB_Name-Out-UDP","File and Printer Sharing (NB-Name-Out)","True","Allow","Outbound","Public",
"FPS-NB_Name-Out-UDP_1","File and Printer Sharing (NB-Name-Out)","False","Allow","Outbound","Private",
"FPS-NB_Datagram-In-UDP","File and Printer Sharing (NB-Datagram-In)","True","Allow","Inbound","Public",
"FPS-NB_Datagram-In-UDP_1","File and Printer Sharing (NB-Datagram-In)","False","Allow","Inbound","Private",
"FPS-ICMP4-ERQ-In-NoScope","File and Printer Sharing (Echo Request - ICMPv4-In)","False","Allow","Inbound","Domain",
"FPS-LLMNR-In-UDP","File and Printer Sharing (LLMNR-UDP-In)","True","Allow","Inbound","Public",
"FPS-LLMNR-In-UDP_1","File and Printer Sharing (LLMNR-UDP-In)","False","Allow","Inbound","Domain, Private",
"FPS-LLMNR-Out-UDP","File and Printer Sharing (LLMNR-UDP-Out)","True","Allow","Outbound","Public",
"FPS-LLMNR-Out-UDP_1","File and Printer Sharing (LLMNR-UDP-Out)","False","Allow","Outbound","Domain, Private",
"FPS-ICMP6-ERQ-In-V2","File and Printer Sharing (Restrictive) (Echo Request - ICMPv6-In)","True","Allow","Inbound","Public",
"FPS-ICMP6-ERQ-In-V2_1","File and Printer Sharing (Restrictive) (Echo Request - ICMPv6-In)","False","Allow","Inbound","Domain, Private",
"{C3B009C9-2035-46CE-8FCC-DDCA59EFC189}","File and Printer Sharing (Restrictive) (Spooler Service Worker - RPC)","True","Allow","Inbound","Public",
"EducationTerra.MasterOfTypingProf_aew2w7wqb3wmj-Out-Allow-AllCapabilities","Type Master Pro","True","Allow","Outbound","Domain, Private, Public",
"EducationTerra.MasterOfTypingProf_aew2w7wqb3wmj-In-Allow-ServerCapability","Type Master Pro","True","Allow","Inbound","Domain, Private, Public",
"microsoft.windowscommunicationsapps_8wekyb3d8bbwe-Out-Allow-AllCapabilities","Mail and Calendar","True","Allow","Outbound","Domain, Private, Public",
"microsoft.windowscommunicationsapps_8wekyb3d8bbwe-In-Allow-ServerCapability","Mail and Calendar","True","Allow","Inbound","Domain, Private, Public",
"MicrosoftWindows.LKG.AccountsService_cw5n1h2txyewy-Out-Allow-AllCapabilities","@{MicrosoftWindows.LKG.AccountsService_1000.26100.3775.0_x64__cw5n1h2txyewy?ms-resource://MicrosoftWindows.LKG.AccountsService/Resources/ProductPkgDisplayName}","True","Allow","Outbound","Domain, Private, Public",
"MicrosoftWindows.LKG.DesktopSpotlight_cw5n1h2txyewy-Out-Allow-AllCapabilities","@{MicrosoftWindows.LKG.DesktopSpotlight_1000.26100.3775.0_x64__cw5n1h2txyewy?ms-resource://MicrosoftWindows.LKG.DesktopSpotlight/Resources/ProductPkgDisplayName}","True","Allow","Outbound","Domain, Private, Public",
"MicrosoftWindows.LKG.DesktopSpotlight_cw5n1h2txyewy-In-Allow-ServerCapability","@{MicrosoftWindows.LKG.DesktopSpotlight_1000.26100.3775.0_x64__cw5n1h2txyewy?ms-resource://MicrosoftWindows.LKG.DesktopSpotlight/Resources/ProductPkgDisplayName}","True","Allow","Inbound","Domain, Private",
"MicrosoftWindows.LKG.IrisService_cw5n1h2txyewy-Out-Allow-AllCapabilities","@{MicrosoftWindows.LKG.IrisService_1000.26100.3775.0_x64__cw5n1h2txyewy?ms-resource://MicrosoftWindows.LKG.IrisService/Resources/ProductPkgDisplayName}","True","Allow","Outbound","Domain, Private, Public",
"MicrosoftWindows.LKG.RulesEngine_cw5n1h2txyewy-Out-Allow-AllCapabilities","@{MicrosoftWindows.LKG.RulesEngine_1000.26100.3775.0_x64__cw5n1h2txyewy?ms-resource://MicrosoftWindows.LKG.RulesEngine/Resources/ProductPkgDisplayName}","True","Allow","Outbound","Domain, Private, Public",
"MicrosoftWindows.LKG.SpeechRuntime_cw5n1h2txyewy-Out-Allow-AllCapabilities","@{MicrosoftWindows.LKG.SpeechRuntime_1000.26100.3775.0_x64__cw5n1h2txyewy?ms-resource://MicrosoftWindows.LKG.SpeechRuntime/Resources/ProductPkgDisplayName}","True","Allow","Outbound","Domain, Private, Public",
"Microsoft.Windows.OOBENetworkCaptivePortal_cw5n1h2txyewy-Out-Allow-AllCapabilities","Captive Portal Flow","True","Allow","Outbound","Domain, Private, Public",
"MicrosoftWindows.55182690.Taskbar_cw5n1h2txyewy-Out-Allow-AllCapabilities","@{MicrosoftWindows.55182690.Taskbar_1000.26100.4061.0_x64__cw5n1h2txyewy?ms-resource://MicrosoftWindows.55182690.Taskbar/Resources/ProductPkgDisplayName}","True","Allow","Outbound","Domain, Private, Public",
"MicrosoftWindows.LKG.TwinSxS_cw5n1h2txyewy-Out-Allow-AllCapabilities","@{MicrosoftWindows.LKG.TwinSxS_1000.26100.4061.0_x64__cw5n1h2txyewy?ms-resource://MicrosoftWindows.LKG.TwinSxS/Resources/ProductPkgDisplayName}","True","Allow","Outbound","Domain, Private, Public",
"Microsoft.Todos_8wekyb3d8bbwe-Out-Allow-AllCapabilities","Microsoft To Do","True","Allow","Outbound","Domain, Private, Public",
"Microsoft.Todos_8wekyb3d8bbwe-In-Allow-ServerCapability","Microsoft To Do","True","Allow","Inbound","Domain, Private",
"{C7738885-726D-4CC9-812D-D1BB7D0607B0}","ms-resource:ProductPkgDisplayName","True","Allow","Inbound","Public",
"{CBB39FC9-8A83-41A5-ACB0-825AE69535F4}","ms-resource:ProductPkgDisplayName","True","Allow","Inbound","Private",
"{FB8FFDA2-7601-406B-8571-06B76C60D9CD}","ms-resource:ProductPkgDisplayName","True","Allow","Inbound","Public",
"{EED3BD6D-DC3B-439C-8F2F-B48DFD2AE444}","ms-resource:ProductPkgDisplayName","True","Allow","Inbound","Private",
"{32D52AEA-C9B5-49D7-A6A3-4F8FD8BCAFF6}","ms-resource:ProductPkgDisplayName","True","Allow","Outbound","Public",
"{AF056009-82F9-4913-BF76-41F4F3B364B3}","ms-resource:ProductPkgDisplayName","True","Allow","Outbound","Private",
"{8A1F6932-14BE-441A-A38B-51899C526BC5}","ms-resource:ProductPkgDisplayName","True","Allow","Outbound","Public",
"{EA916268-F565-477D-B50C-412108BA8E4A}","ms-resource:ProductPkgDisplayName","True","Allow","Outbound","Private",
"{C227B272-9489-464B-9475-126F2E1CFFE7}","ms-resource:ProductPkgDisplayName","True","Allow","Inbound","Public",
"{BB2E27D9-4A2B-42C7-B1A3-24BD77645CC4}","ms-resource:ProductPkgDisplayName","True","Allow","Inbound","Private",
"{F944231F-5A92-42F6-817F-F247D43F271F}","ms-resource:ProductPkgDisplayName","True","Allow","Inbound","Public",
"{81D16DBA-472A-4EB2-A8B4-E9A6DFCD505F}","ms-resource:ProductPkgDisplayName","True","Allow","Inbound","Private",
"{25A2FC4B-61F3-48D9-A568-3DAD1D8D3319}","ms-resource:ProductPkgDisplayName","True","Allow","Outbound","Public",
"{BFA4A299-6229-4199-BB87-5CBF93AF6E5F}","ms-resource:ProductPkgDisplayName","True","Allow","Outbound","Private",
"{01E9BA7D-C644-4985-84A0-3E058A27B05C}","ms-resource:ProductPkgDisplayName","True","Allow","Outbound","Public",
"{9EF363E3-B29F-4C0C-B862-28FFDD83FC1A}","ms-resource:ProductPkgDisplayName","True","Allow","Outbound","Private",
"Microsoft.LockApp_cw5n1h2txyewy-Out-Allow-AllCapabilities","Windows Default Lock Screen","True","Allow","Outbound","Domain, Private, Public",
"Microsoft.WindowsCamera_8wekyb3d8bbwe-Out-Allow-AllCapabilities","Windows Camera","True","Allow","Outbound","Domain, Private, Public",
"Microsoft.WindowsCamera_8wekyb3d8bbwe-In-Allow-ServerCapability","Windows Camera","True","Allow","Inbound","Domain, Private",
"{E593E38B-CC4E-4555-987A-C65730CA9FAC}","ms-resource:ProductPkgDisplayName","True","Allow","Inbound","Public",
"{78ED3658-3144-4D20-BDF7-02022C4EE602}","ms-resource:ProductPkgDisplayName","True","Allow","Inbound","Private",
"{3B5CD6ED-ED25-407F-9C3D-A3034A2EFF19}","ms-resource:ProductPkgDisplayName","True","Allow","Inbound","Public",
"{A972E494-03CE-426E-8D35-D79FBE84CD4D}","ms-resource:ProductPkgDisplayName","True","Allow","Inbound","Private",
"{F150E07B-B268-4787-B222-B61B5E130244}","ms-resource:ProductPkgDisplayName","True","Allow","Outbound","Public",
"{390CA56B-4608-4C9D-A016-6DF6B1D82074}","ms-resource:ProductPkgDisplayName","True","Allow","Outbound","Private",
"{3607BC50-171E-4FF7-BEA0-4B9EA0AEE6DB}","ms-resource:ProductPkgDisplayName","True","Allow","Outbound","Public",
"{AAF24464-629A-4AAB-86A9-1CA4F39A8166}","ms-resource:ProductPkgDisplayName","True","Allow","Outbound","Private",
"{A062844F-14E2-4B16-86FE-CDF79D74C3A2}","ms-resource:ProductPkgDisplayName","True","Allow","Inbound","Public",
"{A4AC7BE6-625F-422F-A1FF-32D396C950A5}","ms-resource:ProductPkgDisplayName","True","Allow","Inbound","Private",
"{B87B8D5D-63B1-4FE0-803F-C81E58448CD2}","ms-resource:ProductPkgDisplayName","True","Allow","Inbound","Public",
"{1DC66CFB-1B81-409E-88B4-D5E85F4AEF0C}","ms-resource:ProductPkgDisplayName","True","Allow","Inbound","Private",
"{3400BDBA-8A74-4533-92AD-E2AF111F50EC}","ms-resource:ProductPkgDisplayName","True","Allow","Outbound","Public",
"{CD1BF25D-4F84-4C24-88CC-5BFF2D204EE6}","ms-resource:ProductPkgDisplayName","True","Allow","Outbound","Private",
"{8AE895CE-BB13-4187-A72F-E9973B5F180C}","ms-resource:ProductPkgDisplayName","True","Allow","Outbound","Public",
"{58AF3C12-0EC6-4996-82CF-C28E651E6852}","ms-resource:ProductPkgDisplayName","True","Allow","Outbound","Private",
"{6649CE58-BBF2-4AB6-BE9D-FB60FED140BD}","ms-resource:ProductPkgDisplayName","True","Allow","Inbound","Public",
"{59CEBDA3-EEA6-4CC6-A82D-CED793BFAF93}","ms-resource:ProductPkgDisplayName","True","Allow","Inbound","Private",
"{5B59D3C1-1F23-4C8D-BF48-101DD1555F41}","ms-resource:ProductPkgDisplayName","True","Allow","Inbound","Public",
"{F636C316-B982-4F30-9504-66C9806AE4EA}","ms-resource:ProductPkgDisplayName","True","Allow","Inbound","Private",
"{F3EC46B7-1E88-4C1A-BCBE-597F09A41DB0}","ms-resource:ProductPkgDisplayName","True","Allow","Outbound","Public",
"{EB4E90A7-F6B1-4D7A-BAFC-7CD8D96D3BE0}","ms-resource:ProductPkgDisplayName","True","Allow","Outbound","Private",
"{9C8A6E29-10A8-497C-B6CF-9286B78DF137}","ms-resource:ProductPkgDisplayName","True","Allow","Outbound","Public",
"{EFC7E1F8-2AC4-4F1A-AEE7-EF5844E1C9FE}","ms-resource:ProductPkgDisplayName","True","Allow","Outbound","Private",
"{CC2E94D9-63EC-4063-B5BA-CDC3E1D4D89F}","ms-resource:ProductPkgDisplayName","True","Allow","Inbound","Public",
"{B335B884-FCAF-48BF-A3E8-1B0E6C082584}","ms-resource:ProductPkgDisplayName","True","Allow","Inbound","Private",
"{E065A6E3-4C09-4795-A6C3-BDC3829EB93F}","ms-resource:ProductPkgDisplayName","True","Allow","Inbound","Public",
"{16F58B9C-A483-4DE2-AFBE-0E0559EADD8C}","ms-resource:ProductPkgDisplayName","True","Allow","Inbound","Private",
"{81B04967-030E-4144-83DE-10154D1086B6}","ms-resource:ProductPkgDisplayName","True","Allow","Outbound","Public",
"{A6153A35-E299-4AF1-BDB3-1D5CD9083442}","ms-resource:ProductPkgDisplayName","True","Allow","Outbound","Private",
"{917CC628-45DE-4B61-BA62-FD0844F325AF}","ms-resource:ProductPkgDisplayName","True","Allow","Outbound","Public",
"{EE16BBAA-F12D-4DDE-9E73-D50D7C12FBB0}","ms-resource:ProductPkgDisplayName","True","Allow","Outbound","Private",
"Microsoft.Windows.StartMenuExperienceHost_cw5n1h2txyewy-Out-Allow-AllCapabilities","Start","True","Allow","Outbound","Domain, Private, Public",
"Microsoft.Windows.StartMenuExperienceHost_cw5n1h2txyewy-In-Allow-ServerCapability","Start","True","Allow","Inbound","Domain, Private",
"MicrosoftWindows.Client.FileExp_cw5n1h2txyewy-Out-Allow-AllCapabilities","Windows Feature Experience Pack","True","Allow","Outbound","Domain, Private, Public",
"MicrosoftWindows.Client.Photon_cw5n1h2txyewy-Out-Allow-AllCapabilities","Windows Feature Experience Pack","True","Allow","Outbound","Domain, Private, Public",
"MicrosoftWindows.Client.Photon_cw5n1h2txyewy-In-Allow-ServerCapability","Windows Feature Experience Pack","True","Allow","Inbound","Domain, Private",
"TCP Query User{EA64BC0D-20C9-4A51-88B6-B1DDB322E863}C:\program files\windowsapps\openai.chatgpt-desktop_1.2025.202.0_x64__2p2nqsd0c76g0\app\chatgpt.exe","ChatGPT","True","Allow","Inbound","Public",
"UDP Query User{CEF5B753-BE3A-42E7-92F6-C23307E94AB2}C:\program files\windowsapps\openai.chatgpt-desktop_1.2025.202.0_x64__2p2nqsd0c76g0\app\chatgpt.exe","ChatGPT","True","Allow","Inbound","Public",
"MicrosoftWindows.56978801.Voiess_cw5n1h2txyewy-Out-Allow-AllCapabilities","@{MicrosoftWindows.56978801.Voiess_1000.26100.4946.0_x64__cw5n1h2txyewy?ms-resource://MicrosoftWindows.56978801.Voiess/Resources/ProductPkgDisplayName}","True","Allow","Outbound","Domain, Private, Public",
"MicrosoftWindows.57058570.Speion_cw5n1h2txyewy-Out-Allow-AllCapabilities","@{MicrosoftWindows.57058570.Speion_1000.26100.4946.0_x64__cw5n1h2txyewy?ms-resource://MicrosoftWindows.57058570.Speion/Resources/ProductPkgDisplayName}","True","Allow","Outbound","Domain, Private, Public",
"MicrosoftWindows.57074904.InpApp_cw5n1h2txyewy-Out-Allow-AllCapabilities","@{MicrosoftWindows.57074904.InpApp_1000.26100.4946.0_x64__cw5n1h2txyewy?ms-resource://MicrosoftWindows.57074904.InpApp/Resources/ProductPkgDisplayName}","True","Allow","Outbound","Domain, Private, Public",
"MicrosoftWindows.57074914.Livtop_cw5n1h2txyewy-Out-Allow-AllCapabilities","@{MicrosoftWindows.57074914.Livtop_1000.26100.4946.0_x64__cw5n1h2txyewy?ms-resource://MicrosoftWindows.57074914.Livtop/Resources/ProductPkgDisplayName}","True","Allow","Outbound","Domain, Private, Public",
"{150B9FB5-240D-47B5-B2E4-66853CC12FBB}","Microsoft Office Outlook","True","Allow","Inbound","Public",
"TCP Query User{21B7BE39-08E8-4EA6-9840-DC92B00D2C08}C:\program files\windowsapps\openai.chatgpt-desktop_1.2025.224.0_x64__2p2nqsd0c76g0\app\chatgpt.exe","ChatGPT","True","Block","Inbound","Public",
"UDP Query User{A27218F8-87BD-4695-92E3-565ABC4ED6FA}C:\program files\windowsapps\openai.chatgpt-desktop_1.2025.224.0_x64__2p2nqsd0c76g0\app\chatgpt.exe","ChatGPT","True","Block","Inbound","Public",
"Microsoft.WidgetsPlatformRuntime_8wekyb3d8bbwe-Out-Allow-AllCapabilities","Widgets Platform Runtime","True","Allow","Outbound","Domain, Private, Public",
"Microsoft.WindowsAlarms_8wekyb3d8bbwe-Out-Allow-AllCapabilities","Windows Clock","True","Allow","Outbound","Domain, Private, Public",
"Microsoft.WindowsAlarms_8wekyb3d8bbwe-In-Allow-ServerCapability","Windows Clock","True","Allow","Inbound","Domain, Private",
"AD2F1837.HPPrinterControl_v10z8vjag6ke6-Out-Allow-AllCapabilities","HP Smart","True","Allow","Outbound","Domain, Private, Public",
"AD2F1837.HPPrinterControl_v10z8vjag6ke6-In-Allow-ServerCapability","HP Smart","True","Allow","Inbound","Domain, Private, Public",
"{F8B1BF95-C240-4F10-A74B-2D2FA4B08201}","ms-resource:ProductPkgDisplayName","True","Allow","Inbound","Public",
"{EA05BF0A-7FC6-4EF5-B81C-A4A629B5C99E}","ms-resource:ProductPkgDisplayName","True","Allow","Inbound","Private",
"{E02D9169-C911-46A8-AE31-ED2A2FA25CB3}","ms-resource:ProductPkgDisplayName","True","Allow","Inbound","Public",
"{3F569C72-435D-4D1D-B5C3-21DFFD29A0B4}","ms-resource:ProductPkgDisplayName","True","Allow","Inbound","Private",
"{A806E7B2-2080-4903-8BCC-CFA9AE3A4C7E}","ms-resource:ProductPkgDisplayName","True","Allow","Outbound","Public",
"{DBB77C78-536B-42FF-8988-F77998F6C700}","ms-resource:ProductPkgDisplayName","True","Allow","Outbound","Private",
"{BA810333-A27F-4AEB-BD94-1EFB57F94A0C}","ms-resource:ProductPkgDisplayName","True","Allow","Outbound","Public",
"{BD44ECB0-18D0-437B-B94C-24B077537216}","ms-resource:ProductPkgDisplayName","True","Allow","Outbound","Private",
"{D660216E-6CA0-4965-B563-840175452760}","ms-resource:ProductPkgDisplayName","True","Allow","Inbound","Public",
"{4189896F-98A8-4996-B741-E86391A85910}","ms-resource:ProductPkgDisplayName","True","Allow","Inbound","Private",
"{FD1C0A8C-47C0-435C-A1DB-2DABD2FCDA92}","ms-resource:ProductPkgDisplayName","True","Allow","Inbound","Public",
"{74D3DA60-5444-45A5-94DE-DCB01F45A27A}","ms-resource:ProductPkgDisplayName","True","Allow","Inbound","Private",
"{822F5F3D-930B-4DEF-8325-2BD7BD658A5D}","ms-resource:ProductPkgDisplayName","True","Allow","Outbound","Public",
"{22B7BA4E-AAA2-42E9-8F86-27096757799A}","ms-resource:ProductPkgDisplayName","True","Allow","Outbound","Private",
"{50D626D3-03FB-4FEC-9F56-EAA9AB7013F7}","ms-resource:ProductPkgDisplayName","True","Allow","Outbound","Public",
"{DBCEC2F6-45A8-419A-8ABF-B4952BAA156D}","ms-resource:ProductPkgDisplayName","True","Allow","Outbound","Private",
"5319275A.WhatsAppDesktop_cv1g1gvanyjgm-Out-Allow-AllCapabilities","WhatsApp","True","Allow","Outbound","Domain, Private, Public",
"5319275A.WhatsAppDesktop_cv1g1gvanyjgm-In-Allow-ServerCapability","WhatsApp","True","Allow","Inbound","Domain, Private",
"Microsoft.ZuneVideo_8wekyb3d8bbwe-Out-Allow-AllCapabilities","Movies & TV","True","Allow","Outbound","Domain, Private, Public",
"Microsoft.ZuneVideo_8wekyb3d8bbwe-In-Allow-ServerCapability","Movies & TV","True","Allow","Inbound","Domain, Private",
"OpenAI.ChatGPT-Desktop_2p2nqsd0c76g0-Out-Allow-AllCapabilities","ChatGPT","True","Allow","Outbound","Domain, Private, Public",
"OpenAI.ChatGPT-Desktop_2p2nqsd0c76g0-In-Allow-ServerCapability","ChatGPT","True","Allow","Inbound","Domain, Private, Public",
"TCP Query User{6B0D041A-91ED-4A72-9A99-661EACDD7CBD}C:\program files\windowsapps\openai.chatgpt-desktop_1.2025.258.0_x64__2p2nqsd0c76g0\app\chatgpt.exe","ChatGPT","True","Allow","Inbound","Public",
"UDP Query User{E3D1A64A-9FDD-46D4-8874-5E250FE84865}C:\program files\windowsapps\openai.chatgpt-desktop_1.2025.258.0_x64__2p2nqsd0c76g0\app\chatgpt.exe","ChatGPT","True","Allow","Inbound","Public",
"{EE54A4F5-6B6C-4531-8210-F1686A108CFF}","ms-resource:ProductPkgDisplayName","True","Allow","Inbound","Public",
"{1280313B-B77F-42E8-AD46-29A88DE68F6F}","ms-resource:ProductPkgDisplayName","True","Allow","Inbound","Private",
"{22AAC8BA-9A0F-45C2-8136-7CCEACDB86C5}","ms-resource:ProductPkgDisplayName","True","Allow","Inbound","Public",
"{4AEFDCF0-2CD5-482A-A4FD-75E073FBB518}","ms-resource:ProductPkgDisplayName","True","Allow","Inbound","Private",
"{3A19F0EB-70CA-4E09-9792-660FF88924C1}","ms-resource:ProductPkgDisplayName","True","Allow","Outbound","Public",
"{CEB573E7-405B-4833-8A87-AFD55B4005CB}","ms-resource:ProductPkgDisplayName","True","Allow","Outbound","Private",
"{20C031E9-7665-4DA4-9DA2-5972B38DC022}","ms-resource:ProductPkgDisplayName","True","Allow","Outbound","Public",
"{0E976C96-85B0-4549-AD80-9FE89E833F74}","ms-resource:ProductPkgDisplayName","True","Allow","Outbound","Private",
"{F76F1BFE-4C44-482A-9C8C-ACD80B217FDB}","ms-resource:ProductPkgDisplayName","True","Allow","Inbound","Public",
"{F9B10DE1-A63C-4B54-8BDA-8A517E605EA0}","ms-resource:ProductPkgDisplayName","True","Allow","Inbound","Private",
"{CBC8A402-EEE4-49C6-BDDA-1B0CF80A8976}","ms-resource:ProductPkgDisplayName","True","Allow","Inbound","Public",
"{43E05518-5B3F-4879-A083-45DECD315BCA}","ms-resource:ProductPkgDisplayName","True","Allow","Inbound","Private",
"{1072A5F3-8FDE-4786-8673-9F00EDE873EB}","ms-resource:ProductPkgDisplayName","True","Allow","Outbound","Public",
"{7E57DB1A-919D-4ACF-8DB7-AE379D874C88}","ms-resource:ProductPkgDisplayName","True","Allow","Outbound","Private",
"{AD348E5B-2B78-41C9-B73D-8E859113AB32}","ms-resource:ProductPkgDisplayName","True","Allow","Outbound","Public",
"{A8B5EF51-091D-46A1-8B57-1D0B2946F792}","ms-resource:ProductPkgDisplayName","True","Allow","Outbound","Private",
"Microsoft.Windows.ShellExperienceHost_cw5n1h2txyewy-Out-Allow-AllCapabilities","Windows Shell Experience","True","Allow","Outbound","Domain, Private",
"Microsoft.Windows.ShellExperienceHost_cw5n1h2txyewy-In-Allow-ServerCapability","Windows Shell Experience","True","Allow","Inbound","Domain, Private",
"TCP Query User{7B2F173A-2022-4B69-9A32-C83D71119737}C:\users\dell\appdata\local\powertoys\powertoys.mousewithoutborders.exe","powertoys.mousewithoutborders.exe","True","Allow","Inbound","Public",
"UDP Query User{479519D3-8F0E-48DE-AADE-C594EECAAAC3}C:\users\dell\appdata\local\powertoys\powertoys.mousewithoutborders.exe","powertoys.mousewithoutborders.exe","True","Allow","Inbound","Public",
"Microsoft.Edge.GameAssist_8wekyb3d8bbwe-Out-Allow-AllCapabilities","Microsoft Edge Game Assist","True","Allow","Outbound","Domain, Private, Public",
"Microsoft.SecHealthUI_8wekyb3d8bbwe-Out-Allow-AllCapabilities","Windows Security","True","Allow","Outbound","Domain, Private, Public",
"Microsoft.SecHealthUI_8wekyb3d8bbwe-In-Allow-ServerCapability","Windows Security","True","Allow","Inbound","Domain, Private",
"{1433CDD2-FBFA-4A94-ACA4-22B94B2C04DF}","Google Chrome (mDNS-In)","True","Allow","Inbound","Any",
"{AD8C5CE3-A8A4-47A3-871D-B2BFCE43EE76}","Microsoft Edge (mDNS-In)","True","Allow","Inbound","Any",
"{7C42BE98-7826-4A22-A193-E69087187C46}","Microsoft Edge (mDNS-In)","True","Allow","Inbound","Any",
"Microsoft.MicrosoftSolitaireCollection_8wekyb3d8bbwe-Out-Allow-AllCapabilities","Solitaire & Casual Games","True","Allow","Outbound","Domain, Private, Public",
"Microsoft.MicrosoftSolitaireCollection_8wekyb3d8bbwe-In-Allow-ServerCapability","Solitaire & Casual Games","True","Allow","Inbound","Domain, Private",
"Microsoft.XboxGamingOverlay_8wekyb3d8bbwe-Out-Allow-AllCapabilities","Game Bar","True","Allow","Outbound","Domain, Private, Public",
"Microsoft.XboxGamingOverlay_8wekyb3d8bbwe-In-Allow-ServerCapability","Game Bar","True","Allow","Inbound","Domain, Private, Public",
"Microsoft.WindowsTerminal_8wekyb3d8bbwe-Out-Allow-AllCapabilities","Windows Terminal","True","Allow","Outbound","Domain, Private, Public",
"Microsoft.BingWeather_8wekyb3d8bbwe-Out-Allow-AllCapabilities","MSN Weather","True","Allow","Outbound","Domain, Private, Public",
"Microsoft.BingWeather_8wekyb3d8bbwe-In-Allow-ServerCapability","MSN Weather","True","Allow","Inbound","Domain, Private",
"Clipchamp.Clipchamp_yxz26nhyzhsrt-Out-Allow-AllCapabilities","Microsoft Clipchamp","True","Allow","Outbound","Domain, Private, Public",
"Microsoft.GetHelp_8wekyb3d8bbwe-Out-Allow-AllCapabilities","Get Help","True","Allow","Outbound","Domain, Private, Public",
"Microsoft.ZuneMusic_8wekyb3d8bbwe-Out-Allow-AllCapabilities","Windows Media Player","True","Allow","Outbound","Domain, Private, Public",
"Microsoft.ZuneMusic_8wekyb3d8bbwe-In-Allow-ServerCapability","Windows Media Player","True","Allow","Inbound","Domain, Private",
"Microsoft.WindowsCalculator_8wekyb3d8bbwe-Out-Allow-AllCapabilities","Windows Calculator","True","Allow","Outbound","Domain, Private, Public",
"Microsoft.WindowsFeedbackHub_8wekyb3d8bbwe-Out-Allow-AllCapabilities","Feedback Hub","True","Allow","Outbound","Domain, Private, Public",
"Microsoft.WindowsFeedbackHub_8wekyb3d8bbwe-In-Allow-ServerCapability","Feedback Hub","True","Allow","Inbound","Domain, Private",
"Microsoft.XboxIdentityProvider_8wekyb3d8bbwe-Out-Allow-AllCapabilities","Xbox Identity Provider","True","Allow","Outbound","Domain, Private, Public",
"Microsoft.GamingApp_8wekyb3d8bbwe-Out-Allow-AllCapabilities","Xbox","True","Allow","Outbound","Domain, Private, Public",
"Microsoft.GamingApp_8wekyb3d8bbwe-In-Allow-ServerCapability","Xbox","True","Allow","Inbound","Domain, Private",
"Microsoft.StorePurchaseApp_8wekyb3d8bbwe-Out-Allow-AllCapabilities","Store Experience Host","True","Allow","Outbound","Domain, Private, Public",
"Microsoft.StorePurchaseApp_8wekyb3d8bbwe-In-Allow-ServerCapability","Store Experience Host","True","Allow","Inbound","Domain, Private",
"Microsoft.MicrosoftPowerBIDesktop_8wekyb3d8bbwe-Out-Allow-AllCapabilities","Power BI Desktop","True","Allow","Outbound","Domain, Private, Public",
"{02A8088E-F5BD-486A-A310-D6581C8A124C}","ms-resource:ProductPkgDisplayName","True","Allow","Inbound","Public",
"{B61CDCC9-E198-4631-85E0-65402C221F11}","ms-resource:ProductPkgDisplayName","True","Allow","Inbound","Private",
"{CDFC4FBC-AC87-444C-881E-6738A4462D6C}","ms-resource:ProductPkgDisplayName","True","Allow","Inbound","Public",
"{B4AC3A90-FEAA-4AF4-A4B3-DF313CF4993A}","ms-resource:ProductPkgDisplayName","True","Allow","Inbound","Private",
"{5F30D545-CF70-4B90-BB53-6E78C03DEB71}","ms-resource:ProductPkgDisplayName","True","Allow","Outbound","Public",
"{E9786448-A46F-4271-98DD-8240778B205B}","ms-resource:ProductPkgDisplayName","True","Allow","Outbound","Private",
"{92EF1A04-3241-456E-BDD4-874501B93BC6}","ms-resource:ProductPkgDisplayName","True","Allow","Outbound","Public",
"{E8926E58-F584-44A3-ABBE-67DAC742E1AF}","ms-resource:ProductPkgDisplayName","True","Allow","Outbound","Private",
"{28CB3DE6-614B-4BC1-86A2-753F68D5E65B}","ms-resource:ProductPkgDisplayName","True","Allow","Inbound","Public",
"{84C16032-BCD7-42E6-88F8-DCC8C9DC44FB}","ms-resource:ProductPkgDisplayName","True","Allow","Inbound","Private",
"{CDA1EEA0-33F0-4B59-8C26-F65523F8C167}","ms-resource:ProductPkgDisplayName","True","Allow","Inbound","Public",
"{F010D5F6-82FE-4ACB-936E-FB82179CFB40}","ms-resource:ProductPkgDisplayName","True","Allow","Inbound","Private",
"{9527FF59-AB48-4082-B294-6B3F78E76915}","ms-resource:ProductPkgDisplayName","True","Allow","Outbound","Public",
"{016D1E45-856B-4F8A-B352-A94D9101A0FF}","ms-resource:ProductPkgDisplayName","True","Allow","Outbound","Private",
"{6EB3EA43-9DA8-4220-A64D-07CF053340AF}","ms-resource:ProductPkgDisplayName","True","Allow","Outbound","Public",
"{032ECCA8-AF99-486A-9CD7-FD91F4999E0B}","ms-resource:ProductPkgDisplayName","True","Allow","Outbound","Private",
"MicrosoftWindows.54792954.Filons_cw5n1h2txyewy-Out-Allow-AllCapabilities","Windows Feature Experience Pack","True","Allow","Outbound","Domain, Private, Public",
"MicrosoftWindows.58680125.Speion_cw5n1h2txyewy-Out-Allow-AllCapabilities","Windows Feature Experience Pack","True","Allow","Outbound","Domain, Private, Public",
"MicrosoftWindows.58681517.Voiess_cw5n1h2txyewy-Out-Allow-AllCapabilities","Windows Feature Experience Pack","True","Allow","Outbound","Domain, Private, Public",
"MicrosoftWindows.58681560.Livtop_cw5n1h2txyewy-Out-Allow-AllCapabilities","Windows Feature Experience Pack","True","Allow","Outbound","Domain, Private, Public",
"MicrosoftWindows.58683691.InpApp_cw5n1h2txyewy-Out-Allow-AllCapabilities","Windows Feature Experience Pack","True","Allow","Outbound","Domain, Private, Public",
"MicrosoftWindows.59336768.Speion_cw5n1h2txyewy-Out-Allow-AllCapabilities","Windows Feature Experience Pack","True","Allow","Outbound","Domain, Private, Public",
"MicrosoftWindows.59337133.Voiess_cw5n1h2txyewy-Out-Allow-AllCapabilities","Windows Feature Experience Pack","True","Allow","Outbound","Domain, Private, Public",
"MicrosoftWindows.59379618.InpApp_cw5n1h2txyewy-Out-Allow-AllCapabilities","Windows Feature Experience Pack","True","Allow","Outbound","Domain, Private, Public",
"MicrosoftWindows.Client.CBS_cw5n1h2txyewy-Out-Allow-AllCapabilities","Windows Feature Experience Pack","True","Allow","Outbound","Domain, Private, Public",
"MicrosoftWindows.Client.CBS_cw5n1h2txyewy-In-Allow-ServerCapability","Windows Feature Experience Pack","True","Allow","Inbound","Domain, Private, Public",
"MicrosoftWindows.Client.CoreAI_cw5n1h2txyewy-Out-Allow-AllCapabilities","Click to Do","True","Allow","Outbound","Domain, Private, Public",
"MicrosoftWindows.Client.Core_cw5n1h2txyewy-Out-Allow-AllCapabilities","Windows Feature Experience Pack","True","Allow","Outbound","Domain, Private, Public",
"MicrosoftWindows.Client.Core_cw5n1h2txyewy-In-Allow-ServerCapability","Windows Feature Experience Pack","True","Allow","Inbound","Domain, Private",
"MicrosoftWindows.Client.OOBE_cw5n1h2txyewy-Out-Allow-AllCapabilities","Windows Feature Experience Pack","True","Allow","Outbound","Domain, Private, Public",
"MicrosoftWindows.Client.OOBE_cw5n1h2txyewy-In-Allow-ServerCapability","Windows Feature Experience Pack","True","Allow","Inbound","Domain, Private, Public",
"{26481388-F53F-485F-8DD4-301EABCC4177}","AnyDesk","True","Allow","Inbound","Private",
"{3FE2C575-7DE3-4C45-AE15-986CAB51E500}","AnyDesk","True","Allow","Inbound","Private",
"{2562D5B8-550C-4EDD-9A9D-2E44A42A999F}","AnyDesk","True","Allow","Inbound","Public",
"{16F0D088-1D20-4FF5-B329-F56903DFC8F6}","AnyDesk","True","Allow","Inbound","Public",
"{AC928DA8-AD0D-4A95-9AC3-D076884FE506}","AnyDesk","True","Allow","Inbound","Domain",
"{56428D9B-9423-4D33-8FDC-A6204C9C5602}","AnyDesk","True","Allow","Inbound","Domain",
"MicrosoftWindows.Client.WebExperience_cw5n1h2txyewy-Out-Allow-AllCapabilities","Windows Web Experience Pack","True","Allow","Outbound","Domain, Private, Public",
"Microsoft.WindowsStore_8wekyb3d8bbwe-Out-Allow-AllCapabilities","Microsoft Store","True","Allow","Outbound","Domain, Private, Public",
"Microsoft.WindowsStore_8wekyb3d8bbwe-In-Allow-ServerCapability","Microsoft Store","True","Allow","Inbound","Domain, Private, Public",
"Microsoft.DesktopAppInstaller_8wekyb3d8bbwe-Out-Allow-AllCapabilities","App Installer","True","Allow","Outbound","Domain, Private, Public",
"Microsoft.DesktopAppInstaller_8wekyb3d8bbwe-In-Allow-ServerCapability","App Installer","True","Allow","Inbound","Domain, Private",
"Microsoft.StartExperiencesApp_8wekyb3d8bbwe-Out-Allow-AllCapabilities","Start Experiences App","True","Allow","Outbound","Domain, Private, Public",
"Microsoft.Office.ActionsServer_8wekyb3d8bbwe-Out-Allow-AllCapabilities","Microsoft.Office.ActionsServer","True","Allow","Outbound","Domain, Private, Public",
"Microsoft.OfficePushNotificationUtility_8wekyb3d8bbwe-Out-Allow-AllCapabilities","OfficePushNotificationsUtility","True","Allow","Outbound","Domain, Private, Public",
